id,title,developer_id,price_min,price_max,bhk_config,locality,city,rera_number,cover_image_local,source_platform,source_url
0cc9ffc5-6512-4709-8b54-2d4eb4a7a8b0,Flats In Ahmedabad,3560f194-a375-4855-a060-0bd708e65bf8,,,,Ahmedabad / Gandhinagar,Ahmedabad,AG/GJ/AHMEDABAD/AHMEDABAD,,vitalspace,https://vitalspace.in//property-for-investment-in
cb905792-1bdf-4b21-8d69-ad0bbb81e64c,Flats In Ahmedabad,3560f194-a375-4855-a060-0bd708e65bf8,,,,Ahmedabad / Gandhinagar,Ahmedabad,AG/GJ/AHMEDABAD/AHMEDABAD,,vitalspace,https://vitalspace.in//property-for-sale-in
c526fb33-13e9-4cc6-bd1b-41948816c4c0,Resale Flats In Ahmedabad,3560f194-a375-4855-a060-0bd708e65bf8,,,,Ahmedabad / Gandhinagar,Ahmedabad,AG/GJ/AHMEDABAD/AHMEDABAD,,vitalspace,https://vitalspace.in/property/resale-flats-in-
0f35afa2-c379-45d4-81ed-8d6fc60999af,4 BHK Flats / Apartments for Sale in Shilaj Ahmedabad,9f027614-9e09-4c4a-bc1c-35db1637260c,,,,Ahmedabad,Ahmedabad,Id,,addressbox,https://www.addressbox.com/property-search/4-bhk-flats-for-sale-in-shilaj-ahmedabad
589d3b28-7ad9-4e90-ad2e-887bb408ea29,"Ready to Move Flats in Navrangpura, Ahmedabad",9f027614-9e09-4c4a-bc1c-35db1637260c,,,,Ahmedabad,Ahmedabad,Id,,addressbox,https://www.addressbox.com/property-search/ready-to-move-flats-in-navrangpura-ahmedabad
d24d70d7-baf6-4551-966e-c3d5fb2f8b36,Aranyam,3ac5b201-4809-431f-9f9c-f3091f004322,,,,Ahmedabad,Ahmedabad,details,,addressbox,https://www.addressbox.com/project-detail-page/flat-apartment-for-sale-in-aranyam-shilaj-ahmedabad?pid=BhRYQ1hKVl0
c4a8decb-42fa-408f-ba98-bbc2d298504f,"Properties for Sale in Shilaj, Ahmedabad",9f027614-9e09-4c4a-bc1c-35db1637260c,,,,Ahmedabad,Ahmedabad,Id,,addressbox,https://www.addressbox.com/property-search/property-for-sale-in-shilaj-ahmedabad
c238083f-bc4e-4d10-b04e-6dffda92f12d,Adani Amaris,09f830db-a9ab-45b8-979d-a15d78670180,,,,Ahmedabad,Ahmedabad,details,,addressbox,https://www.addressbox.com/project-detail-page/flat-apartment-penthouse-for-sale-in-adani-amaris-sg-highway-ahmedabad?pid=BhRYQV9HUF4
44059f61-e26b-44db-b17d-3cc2da8802d1,"Ready to Move Flats in Sola, Ahmedabad",9f027614-9e09-4c4a-bc1c-35db1637260c,,,,Ahmedabad,Ahmedabad,Id,,addressbox,https://www.addressbox.com/property-search/ready-to-move-flats-in-sola-ahmedabad
dbf278e7-601c-4ad8-a213-0c7c4b615b62,"Flats for Resale in Gota, Ahmedabad",9f027614-9e09-4c4a-bc1c-35db1637260c,,,,Ahmedabad,Ahmedabad,Id,,addressbox,https://www.addressbox.com/property-search/flats-for-resale-in-gota-ahmedabad
6261064a-0a25-4d46-b9ee-fa18b4587452,The Storeys,d13821ac-9ffd-450b-9f2c-c93684266226,,,,Ahmedabad,Ahmedabad,details,,addressbox,https://www.addressbox.com/project-detail-page/flat-apartment-duplex-for-sale-in-the-storeys-shantigram-ahmedabad?pid=BhRYQ1hGWV4
f43f7fb9-10fa-42ef-9eab-085741951bee,RIVIERA MAJESTICA,2c8cce36-1dd6-4e75-835d-5e5ec4a9f5f7,,,,Ahmedabad,Ahmedabad,details,,addressbox,https://www.addressbox.com/project-detail-page/flat-apartment-duplex-for-sale-in-riviera-majestica-shela-ahmedabad?pid=BhRYQ1hKV14
33cf9155-4270-44fa-addf-36223f442928,4 BHK Penthouse for Sale in Ahmedabad,9f027614-9e09-4c4a-bc1c-35db1637260c,,,,Ahmedabad,Ahmedabad,Id,,addressbox,https://www.addressbox.com/property-search/4-bhk-penthouse-for-sale-in-ahmedabad
f64cb186-3c73-4f81-8679-3694c2d5a45d,"Ready to Move Flats in Thaltej, Ahmedabad",9f027614-9e09-4c4a-bc1c-35db1637260c,,,,Ahmedabad,Ahmedabad,Id,,addressbox,https://www.addressbox.com/property-search/ready-to-move-flats-in-thaltej-ahmedabad
c0b72e93-4b5c-4ed7-9fd5-c24ac418c26d,4 BHK Bungalows / Villas for Sale in Ahmedabad,9f027614-9e09-4c4a-bc1c-35db1637260c,,,,Ahmedabad,Ahmedabad,Id,,addressbox,https://www.addressbox.com/property-search/4-bhk-bungalow-for-sale-in-ahmedabad
5b4e3f46-ecd9-4fe3-a094-de2c74a306f8,1 BHK Flats / Apartments for Sale in Ahmedabad,9f027614-9e09-4c4a-bc1c-35db1637260c,,,,Ahmedabad,Ahmedabad,Id,,addressbox,https://www.addressbox.com/property-search/1-bhk-flats-for-sale-in-ahmedabad
7d1d107e-0ff5-4220-835f-fb5f8cf5602b,"2 BHK Flats for Sale in Shela, Ahmedabad",9f027614-9e09-4c4a-bc1c-35db1637260c,,,,Ahmedabad,Ahmedabad,Id,,addressbox,https://www.addressbox.com/property-search/2-bhk-flats-for-sale-in-shela-ahmedabad
693f50d3-5b2c-4f62-a729-70a24dbf002f,3 BHK Flats / Apartments for Sale in Thaltej Ahmedabad,9f027614-9e09-4c4a-bc1c-35db1637260c,,,,Ahmedabad,Ahmedabad,Id,,addressbox,https://www.addressbox.com/property-search/3-bhk-flats-for-sale-in-thaltej-ahmedabad
c176c41e-680a-427d-8be7-c049bc1a4a6f,NORTH PARK (Phase-5),31098b11-4db6-45f3-afdf-0eade435e9c6,,,,Ahmedabad,Ahmedabad,details,,addressbox,https://www.addressbox.com/project-detail-page/bunglow-villa-for-sale-in-north-park-phase-5-shantigram-ahmedabad?pid=BhRYQ1lFVlM
53780544-929e-4123-9e3c-4496724e2cd9,SHILP RESIDENCY,7031260c-0ad8-4319-845d-5de412d3c7e2,,,,Ahmedabad,Ahmedabad,details,,addressbox,https://www.addressbox.com/project-detail-page/flat-apartment-for-sale-in-shilp-residency-gota-ahmedabad?pid=BhRYQ19LWF0
dbeab358-64af-45e1-bfac-c1f3014592c0,"Flats / Apartments for Sale in Vastrapur, Ahmedabad",9f027614-9e09-4c4a-bc1c-35db1637260c,,,,Ahmedabad,Ahmedabad,Id,,addressbox,https://www.addressbox.com/property-search/flats-for-sale-in-vastrapur-ahmedabad
03e6ced7-8be2-42e3-8c0e-2af43b9def92,"Ready to Move Flats in Ambli, Ahmedabad",9f027614-9e09-4c4a-bc1c-35db1637260c,,,,Ahmedabad,Ahmedabad,Id,,addressbox,https://www.addressbox.com/property-search/ready-to-move-flats-in-ambli-ahmedabad
b0741ed5-5381-4215-9341-195ae724fd30,"Flats for Resale in Sola, Ahmedabad",9f027614-9e09-4c4a-bc1c-35db1637260c,,,,Ahmedabad,Ahmedabad,Id,,addressbox,https://www.addressbox.com/property-search/flats-for-resale-in-sola-ahmedabad
e0d94970-259b-46ae-92d7-2dee2d7fdf4a,4 BHK Flats / Apartments for Sale in Jagatpur Ahmedabad,9f027614-9e09-4c4a-bc1c-35db1637260c,,,,Ahmedabad,Ahmedabad,Id,,addressbox,https://www.addressbox.com/property-search/4-bhk-flats-for-sale-in-jagatpur-ahmedabad
cb1f2fbc-0e89-4190-ad9b-f59c7a9ed989,3 BHK Flats / Apartments for Sale in Jagatpur Ahmedabad,9f027614-9e09-4c4a-bc1c-35db1637260c,,,,Ahmedabad,Ahmedabad,Id,,addressbox,https://www.addressbox.com/property-search/3-bhk-flats-for-sale-in-jagatpur-ahmedabad
d8c3d8bc-1e87-4a7b-b007-7886f32f7f65,"Ready to Move Flats in Vastral, Ahmedabad",9f027614-9e09-4c4a-bc1c-35db1637260c,,,,Ahmedabad,Ahmedabad,Id,,addressbox,https://www.addressbox.com/property-search/ready-to-move-flats-in-vastral-ahmedabad
8d9f0ec2-d123-4016-9a93-426be6199e5b,"Ready to Move Flats in Sindhubhavan, Ahmedabad",9f027614-9e09-4c4a-bc1c-35db1637260c,,,,Ahmedabad,Ahmedabad,Id,,addressbox,https://www.addressbox.com/property-search/ready-to-move-flats-in-sindhubhavan-ahmedabad
a4b5dccb-16d6-4425-8fa1-d94806fccd7c,"The Amber – Premium 2 BHK Apartments in Jagatpur, Ahmedabad",b07d81a7-736a-47ff-9f6d-ba417e416bb2,,,,Ahmedabad,Ahmedabad,Id,,addressbox,https://www.addressbox.com/project-detail-page/flat-apartment-for-sale-in-the-amber-jagatpur-ahmedabad?pid=BhRYQV1GVF4
b244a075-3e87-4162-aeff-511843771825,"Flats for Resale in Nikol, Ahmedabad",9f027614-9e09-4c4a-bc1c-35db1637260c,,,,Ahmedabad,Ahmedabad,Id,,addressbox,https://www.addressbox.com/property-search/flats-for-resale-in-nikol-ahmedabad
4e4ed288-2873-43d4-916d-a15c69341857,Property in Ahmedabad below ₹ 60 Lakh,9f027614-9e09-4c4a-bc1c-35db1637260c,,,,Ahmedabad,Ahmedabad,Id,,addressbox,https://www.addressbox.com/property-search/properties-below-60-lakhs-in-ahmedabad
49375f37-3135-4ab5-979e-2334f4d03d71,4 BHK Flats / Apartments for Sale in Shantigram Ahmedabad,9f027614-9e09-4c4a-bc1c-35db1637260c,,,,Ahmedabad,Ahmedabad,Id,,addressbox,https://www.addressbox.com/property-search/4-bhk-flats-for-sale-in-shantigram-ahmedabad
6754fde2-7a38-4217-8a6e-5a2305aaa4f9,"Flats / Apartments for Sale in Navrangpura, Ahmedabad",9f027614-9e09-4c4a-bc1c-35db1637260c,,,,Ahmedabad,Ahmedabad,Id,,addressbox,https://www.addressbox.com/property-search/flats-for-sale-in-navrangpura-ahmedabad
0c1fa1a1-00d8-4fe7-8d12-f07a20cf8dde,Property in Ahmedabad below ₹ 40 Lakh,9f027614-9e09-4c4a-bc1c-35db1637260c,,,,Ahmedabad,Ahmedabad,Id,,addressbox,https://www.addressbox.com/property-search/properties-below-40-lakhs-in-ahmedabad
6c77e1a5-9fb2-4158-9642-912902a6b5d7,3 BHK Flats / Apartments for Sale in Gota Ahmedabad,9f027614-9e09-4c4a-bc1c-35db1637260c,,,,Ahmedabad,Ahmedabad,Id,,addressbox,https://www.addressbox.com/property-search/3-bhk-flats-for-sale-in-gota-ahmedabad
f70d0d6e-0e06-4eb8-ace3-1fa3e0297f67,3 BHK Flats / Apartments for Sale in Chharodi Ahmedabad,9f027614-9e09-4c4a-bc1c-35db1637260c,,,,Ahmedabad,Ahmedabad,Id,,addressbox,https://www.addressbox.com/property-search/3-bhk-flats-for-sale-in-chharodi-ahmedabad
f5be3a8e-312a-413c-bb14-9016ba4565ce,4 BHK Flats / Apartments for Sale in Science City Ahmedabad,9f027614-9e09-4c4a-bc1c-35db1637260c,,,,Ahmedabad,Ahmedabad,Id,,addressbox,https://www.addressbox.com/property-search/4-bhk-flats-for-sale-in-science-city-ahmedabad
36461b1e-c67a-4616-8c5a-7c487ddc9ce4,BINORI ARISTELLA,ceab593e-e783-4823-b1e7-2a5f6a138bc4,,,,Ahmedabad,Ahmedabad,details,,addressbox,https://www.addressbox.com/project-detail-page/flat-apartment-penthouse-for-sale-in-binori-aristella-shilaj-ahmedabad?pid=BhRYQ1tAU1I
3a76f3a0-e26e-4a7a-a84b-8dd3b315a4c8,Sierra,2fc0638e-9cd1-42b8-b855-bf7a2b0e0230,,,,Ahmedabad,Ahmedabad,details,,addressbox,https://www.addressbox.com/project-detail-page/flat-apartment-for-sale-in-sierra-satellite-road-ahmedabad?pid=BhRYQ1tCU1o
53017f58-29ed-4fbb-b347-8daa8043b4e6,SHILP SERENE,7a8ac15f-fec4-4371-b751-bb202c4f433c,,,,Ahmedabad,Ahmedabad,details,,addressbox,https://www.addressbox.com/project-detail-page/flat-apartment-for-sale-in-shilp-serene-shilaj-ahmedabad?pid=BhRYQ19LUFs
fba06ffc-ed2e-416c-922a-37ee758df920,"New Residential Flats in Thaltej, Ahmedabad",9f027614-9e09-4c4a-bc1c-35db1637260c,,,,Ahmedabad,Ahmedabad,Id,,addressbox,https://www.addressbox.com/property-search/new-residential-flats-in-thaltej-ahmedabad
ee78dfb6-6710-49c4-93e4-efb90b0f6ccd,4 BHK Flats / Apartments for Sale in Hebatpur Ahmedabad,9f027614-9e09-4c4a-bc1c-35db1637260c,,,,Ahmedabad,Ahmedabad,Id,,addressbox,https://www.addressbox.com/property-search/4-bhk-flats-for-sale-in-hebatpur-ahmedabad
adf27f88-c669-4242-9a37-7311e32d3400,THE WESTIN,fb5cc3f2-ea5a-410a-bd04-ce3485407358,,,,Ahmedabad,Ahmedabad,details,,addressbox,https://www.addressbox.com/project-detail-page/flat-apartment-for-sale-in-the-westin-shilaj-ahmedabad?pid=BhRYQ1tAVls
804948fb-b793-4853-ae12-1a7e5324655c,"New Residential Flats in Vastrapur, Ahmedabad",9f027614-9e09-4c4a-bc1c-35db1637260c,,,,Ahmedabad,Ahmedabad,Id,,addressbox,https://www.addressbox.com/property-search/new-residential-flats-in-vastrapur-ahmedabad
e2ff1fa5-7511-4096-9d08-3ff19f9d68be,"Ready to Move Flats in Maninagar, Ahmedabad",9f027614-9e09-4c4a-bc1c-35db1637260c,,,,Ahmedabad,Ahmedabad,Id,,addressbox,https://www.addressbox.com/property-search/ready-to-move-flats-in-maninagar-ahmedabad
a5422858-77c8-43fb-8cef-a04a2698f2a0,"New Residential Flats in Vastral, Ahmedabad",9f027614-9e09-4c4a-bc1c-35db1637260c,,,,Ahmedabad,Ahmedabad,Id,,addressbox,https://www.addressbox.com/property-search/new-residential-flats-in-vastral-ahmedabad
5f2fbf35-b897-47ef-80bc-309fbff3862b,BLUE BELL,296f881b-3f44-4218-8ffc-eb07a1f72c20,,,,Ahmedabad,Ahmedabad,details,,addressbox,https://www.addressbox.com/project-detail-page/flat-apartment-for-sale-in-blue-bell-gota-ahmedabad?pid=BhRYQ15CV10
7b7f0c37-7ae7-4c03-99c1-ffab1c548f6a,"Properties for Sale in Shela, Ahmedabad",9f027614-9e09-4c4a-bc1c-35db1637260c,,,,Ahmedabad,Ahmedabad,Id,,addressbox,https://www.addressbox.com/property-search/property-for-sale-in-shela-ahmedabad
9a97ea35-202d-4b2e-8fd8-697256db9224,"Properties for Sale in Prahladnagar, Ahmedabad",9f027614-9e09-4c4a-bc1c-35db1637260c,,,,Ahmedabad,Ahmedabad,Id,,addressbox,https://www.addressbox.com/property-search/property-for-sale-in-prahladnagar-ahmedabad
0db0d7a2-9241-4874-aaf4-53c04af72734,"New Residential Flats in Gota, Ahmedabad",9f027614-9e09-4c4a-bc1c-35db1637260c,,,,Ahmedabad,Ahmedabad,Id,,addressbox,https://www.addressbox.com/property-search/new-residential-flats-in-gota-ahmedabad
f08bd585-0328-4ac2-9112-c78dccdeccc8,4 BHK Flats / Apartments for Sale in Ambli Ahmedabad,9f027614-9e09-4c4a-bc1c-35db1637260c,,,,Ahmedabad,Ahmedabad,Id,,addressbox,https://www.addressbox.com/property-search/4-bhk-flats-for-sale-in-ambli-ahmedabad
25b3e72a-e26c-4c7b-bceb-465a4b94f8f1,"Ready to Move Flats in Gota, Ahmedabad",9f027614-9e09-4c4a-bc1c-35db1637260c,,,,Ahmedabad,Ahmedabad,Id,,addressbox,https://www.addressbox.com/property-search/ready-to-move-flats-in-gota-ahmedabad
00d68b76-8966-4a4d-86bd-c639fbb487c3,3 BHK Flats / Apartments for Sale in Shantigram Ahmedabad,9f027614-9e09-4c4a-bc1c-35db1637260c,,,,Ahmedabad,Ahmedabad,Id,,addressbox,https://www.addressbox.com/property-search/3-bhk-flats-for-sale-in-shantigram-ahmedabad
d4709f5c-d45a-4b11-a6b7-3384eda5ed49,"Flats for Resale in Ambli, Ahmedabad",9f027614-9e09-4c4a-bc1c-35db1637260c,,,,Ahmedabad,Ahmedabad,Id,,addressbox,https://www.addressbox.com/property-search/flats-for-resale-in-ambli-ahmedabad
06c318cb-22c6-4c23-96d9-497fdb8dcb69,Indraprasth Ixora,a90dfbf4-c1fc-4ca3-9a45-448d4f8d96f3,,,,Ahmedabad,Ahmedabad,details,,addressbox,https://www.addressbox.com/project-detail-page/flat-apartment-for-sale-in-indraprasth-ixora-shela-ahmedabad?pid=BhRYQ1tBUF0
15fae915-df8b-4ef1-94c7-1e7640d64eef,Obsidian Towers,dfb55745-1027-479a-8997-abb292777a6c,,,,Ahmedabad,Ahmedabad,details,,addressbox,https://www.addressbox.com/project-detail-page/flat-apartment-for-sale-in-obsidian-towers-jagatpur-ahmedabad?pid=BhRYQlhEU14
c168dc22-fc18-42b5-9b98-7ef281891c10,"New Residential Flats in Maninagar, Ahmedabad",9f027614-9e09-4c4a-bc1c-35db1637260c,,,,Ahmedabad,Ahmedabad,Id,,addressbox,https://www.addressbox.com/property-search/new-residential-flats-in-maninagar-ahmedabad
72554b1b-2d80-44ca-9b54-237140eec789,"New Residential Flats in Ambli, Ahmedabad",9f027614-9e09-4c4a-bc1c-35db1637260c,,,,Ahmedabad,Ahmedabad,Id,,addressbox,https://www.addressbox.com/property-search/new-residential-flats-in-ambli-ahmedabad
9317eb85-194e-4730-9f71-d21cbf2da51a,3 BHK Flats / Apartments for Sale in Naranpura Ahmedabad,9f027614-9e09-4c4a-bc1c-35db1637260c,,,,Ahmedabad,Ahmedabad,Id,,addressbox,https://www.addressbox.com/property-search/3-bhk-flats-for-sale-in-naranpura-ahmedabad
4ee141dc-9cf8-4ec1-96cb-d9742e903369,Property in Ahmedabad below ₹ 80 Lakh,9f027614-9e09-4c4a-bc1c-35db1637260c,,,,Ahmedabad,Ahmedabad,Id,,addressbox,https://www.addressbox.com/property-search/properties-below-80-lakhs-in-ahmedabad
148f46ad-39dd-4343-b21c-132b4800c712,Rajshree Regalia,08a3232e-f59e-4e4e-9f98-d5b5ceb2c664,,,,Ahmedabad,Ahmedabad,details,,addressbox,https://www.addressbox.com/project-detail-page/flat-apartment-for-sale-in-rajshree-regalia-jagatpur-ahmedabad?pid=BhRYQ15BWVk
fcaf24a2-08b4-4ba1-bcbe-6b90eb148c63,4 BHK Flats / Apartments for Sale in Thaltej Ahmedabad,9f027614-9e09-4c4a-bc1c-35db1637260c,,,,Ahmedabad,Ahmedabad,Id,,addressbox,https://www.addressbox.com/property-search/4-bhk-flats-for-sale-in-thaltej-ahmedabad
f6ef62c8-e230-47ba-a95a-a143540a44ba,Property For Sale By Budget in Ahmedabad Localities,5c9b8e83-8f83-49e1-909a-1ea5760962cb,,,,Ahmedabad,Ahmedabad,Id,,addressbox,https://www.addressbox.com/sitemap.html/property-for-sale-by-budget-in-ahmedabad-localities.html
92c86e11-1c88-4388-9e94-9a6343ef3d82,TREMONT ADLEAP,bc731895-1ca0-4972-a41a-1949c3108324,,,,Ahmedabad,Ahmedabad,details,,addressbox,https://www.addressbox.com/project-detail-page/flat-apartment-penthouse-for-sale-in-tremont-adleap-chharodi-ahmedabad?pid=BhRYQ1tAUV0
e1962f6c-46b7-40f8-9727-1af009bf168f,AUGUSTA,d0139173-81a6-42ab-bb15-8e85c445a56d,,,,Ahmedabad,Ahmedabad,details,,addressbox,https://www.addressbox.com/project-detail-page/flat-apartment-for-sale-in-augusta-chharodi-ahmedabad?pid=BhRYQ1tBUFg
f9f59abb-17e9-47a2-ad61-a45d27afb9e8,"New Residential Flats in Nikol, Ahmedabad",9f027614-9e09-4c4a-bc1c-35db1637260c,,,,Ahmedabad,Ahmedabad,Id,,addressbox,https://www.addressbox.com/property-search/new-residential-flats-in-nikol-ahmedabad
3d66e156-5f54-44af-84a5-6326fb82b720,"Flats for Resale in Vastrapur, Ahmedabad",9f027614-9e09-4c4a-bc1c-35db1637260c,,,,Ahmedabad,Ahmedabad,Id,,addressbox,https://www.addressbox.com/property-search/flats-for-resale-in-vastrapur-ahmedabad
3b80241d-7e2f-4540-8a59-5ffa4fb27924,4 BHK Flats / Apartments for Sale in Chharodi Ahmedabad,9f027614-9e09-4c4a-bc1c-35db1637260c,,,,Ahmedabad,Ahmedabad,Id,,addressbox,https://www.addressbox.com/property-search/4-bhk-flats-for-sale-in-chharodi-ahmedabad
eaac55bf-6ca0-4093-a898-b720522c1c09,Shivalik Greenfield,c29653b0-40fc-4d0a-b50f-f5833350ef7c,,,,Ahmedabad,Ahmedabad,details,,addressbox,https://www.addressbox.com/project-detail-page/flat-apartment-for-sale-in-shivalik-greenfield-shantigram-ahmedabad?pid=BhRYQlFHU1g
e7e26f87-be63-4393-8b38-aa925863bf25,"Flats for Resale in Thaltej, Ahmedabad",9f027614-9e09-4c4a-bc1c-35db1637260c,,,,Ahmedabad,Ahmedabad,Id,,addressbox,https://www.addressbox.com/property-search/flats-for-resale-in-thaltej-ahmedabad
f0d9031a-d654-4a48-a6ea-9bddfab6f824,"Flats / Apartments for Sale in Vastral, Ahmedabad",9f027614-9e09-4c4a-bc1c-35db1637260c,,,,Ahmedabad,Ahmedabad,Id,,addressbox,https://www.addressbox.com/property-search/flats-for-sale-in-vastral-ahmedabad
b9d6ecfe-70d5-4636-bfb2-519c68ebff1f,3 BHK Bungalows / Villas for Sale in Ahmedabad,9f027614-9e09-4c4a-bc1c-35db1637260c,,,,Ahmedabad,Ahmedabad,Id,,addressbox,https://www.addressbox.com/property-search/3-bhk-bungalow-for-sale-in-ahmedabad
7d4f549a-c2c8-42a7-8e2f-94aaf65c376c,"Flats / Apartments for Sale in Sindhubhavan, Ahmedabad",9f027614-9e09-4c4a-bc1c-35db1637260c,,,,Ahmedabad,Ahmedabad,Id,,addressbox,https://www.addressbox.com/property-search/flats-for-sale-in-sindhubhavan-ahmedabad
55948dc7-b35f-46e4-9c6d-0063538229fa,"New Residential Flats in Sindhubhavan, Ahmedabad",9f027614-9e09-4c4a-bc1c-35db1637260c,,,,Ahmedabad,Ahmedabad,Id,,addressbox,https://www.addressbox.com/property-search/new-residential-flats-in-sindhubhavan-ahmedabad
25c71872-b253-4054-9144-4a28d006eb00,3 BHK Flats / Apartments for Sale in Vaishno Devi Circle Ahmedabad,9f027614-9e09-4c4a-bc1c-35db1637260c,,,,Ahmedabad,Ahmedabad,Id,,addressbox,https://www.addressbox.com/property-search/3-bhk-flats-for-sale-in-vaishno-devi-circle-ahmedabad
33e729f1-6484-4a55-ae40-d2ffb661c8cb,SUPER SHALIGRAM,f9c2cd12-63c7-44fd-9edd-45078cf73c6b,,,,Ahmedabad,Ahmedabad,details,,addressbox,https://www.addressbox.com/project-detail-page/flat-apartment-for-sale-in-super-shaligram-gota-ahmedabad?pid=BhRYQ1tDWF4
2ab102f5-4c31-422e-a769-25dc43814871,"Properties for Sale in Bopal, Ahmedabad",9f027614-9e09-4c4a-bc1c-35db1637260c,,,,Ahmedabad,Ahmedabad,Id,,addressbox,https://www.addressbox.com/property-search/property-for-sale-in-bopal-ahmedabad
2ebd456e-2f36-4da0-8980-df0975e79c04,The Planet,98b3c51f-52fa-4b11-b784-e9deb66a7262,,,,Ahmedabad,Ahmedabad,details,,addressbox,https://www.addressbox.com/project-detail-page/flat-apartment-for-sale-in-the-planet-shela-ahmedabad?pid=BhRYQl5DUVk
9a5d8ed7-4c9f-44aa-b904-4a49a5e5092b,3 BHK Flats / Apartments for Sale in Shela Ahmedabad,9f027614-9e09-4c4a-bc1c-35db1637260c,,,,Ahmedabad,Ahmedabad,Id,,addressbox,https://www.addressbox.com/property-search/3-bhk-flats-for-sale-in-shela-ahmedabad
6ae45775-cc42-4cba-a973-dd2436b8b714,2 BHK Flats / Apartments for Sale in Shantigram Ahmedabad,9f027614-9e09-4c4a-bc1c-35db1637260c,,,,Ahmedabad,Ahmedabad,Id,,addressbox,https://www.addressbox.com/property-search/2-bhk-flats-for-sale-in-shantigram-ahmedabad
1f814a97-123b-43db-9ca7-1717ba10ba35,2 BHK Flats / Apartments for Sale in Thaltej Ahmedabad,9f027614-9e09-4c4a-bc1c-35db1637260c,,,,Ahmedabad,Ahmedabad,Id,,addressbox,https://www.addressbox.com/property-search/2-bhk-flats-for-sale-in-thaltej-ahmedabad
74e820aa-6f2c-4412-9dec-699ddd35fa6c,Vishwanath Sarathya West,81985cb0-ef26-4c9e-85d8-7de1a7423686,,,,Ahmedabad,Ahmedabad,details,,addressbox,https://www.addressbox.com/project-detail-page/flat-apartment-for-sale-in-vishwanath-sarathya-west-shela-ahmedabad?pid=BhRYQVpLUlo
c6dad2eb-b6b5-4bce-bb8d-45c0d45e424c,The Canvas,277424c6-b46c-4ab7-8923-bbb6b334b4bb,,,,Ahmedabad,Ahmedabad,details,,addressbox,https://www.addressbox.com/project-detail-page/flat-apartment-for-sale-in-the-canvas-shela-ahmedabad?pid=BhRYQ19AVF8
ca3ebfe8-c5fd-4647-878b-ff9c4d1a9efc,ROYAL URBANA,c6bcb6df-42e8-4299-833f-cbe0359f34d3,,,,Ahmedabad,Ahmedabad,details,,addressbox,https://www.addressbox.com/project-detail-page/flat-apartment-for-sale-in-royal-urbana-ognaj-ahmedabad?pid=BhRYQVBHUl8
173d48c5-9509-4a8a-ab6e-cc3b7b99eca0,2 BHK Flats / Apartments for Sale in Ahmedabad,9f027614-9e09-4c4a-bc1c-35db1637260c,,,,Ahmedabad,Ahmedabad,Id,,addressbox,https://www.addressbox.com/property-search/2-bhk-flats-for-sale-in-ahmedabad
7c8d80fd-87e0-4f14-a586-f4afafdf13fb,3 BHK Penthouse for Sale in Ahmedabad,9f027614-9e09-4c4a-bc1c-35db1637260c,,,,Ahmedabad,Ahmedabad,Id,,addressbox,https://www.addressbox.com/property-search/3-bhk-penthouse-for-sale-in-ahmedabad
5b7d7f4b-2bfd-43d7-b8b6-c0ff999572c3,3 BHK Flats / Apartments for Sale in Ahmedabad,9f027614-9e09-4c4a-bc1c-35db1637260c,,,,Ahmedabad,Ahmedabad,Id,,addressbox,https://www.addressbox.com/property-search/3-bhk-flats-for-sale-in-ahmedabad
6d196ab4-565a-4b52-8ef5-c3bcacdc2d8f,"Ready to Move Flats in Vastrapur, Ahmedabad",9f027614-9e09-4c4a-bc1c-35db1637260c,,,,Ahmedabad,Ahmedabad,Id,,addressbox,https://www.addressbox.com/property-search/ready-to-move-flats-in-vastrapur-ahmedabad
191b5c50-fc5c-473c-ac27-c3579817cfdc,SHALIGRAM LUXURIA,f993111b-bd79-4cfa-bf8b-178d98ba9ec8,,,,Ahmedabad,Ahmedabad,details,,addressbox,https://www.addressbox.com/project-detail-page/flat-apartment-penthouse-for-sale-in-shaligram-luxuria-ambli-ahmedabad?pid=BhRYQ1hKVV4
cfb983f9-fb7a-4271-bb90-9ea5eadfe3f4,4 BHK Flats / Apartments for Sale in Vaishno Devi Circle Ahmedabad,9f027614-9e09-4c4a-bc1c-35db1637260c,,,,Ahmedabad,Ahmedabad,Id,,addressbox,https://www.addressbox.com/property-search/4-bhk-flats-for-sale-in-vaishno-devi-circle-ahmedabad
245f3101-a822-4dd0-8244-90d501b417ee,TREMONT TERRA,71d5adba-fe7e-4987-80cd-d6978eae6401,,,,Ahmedabad,Ahmedabad,details,,addressbox,https://www.addressbox.com/project-detail-page/flat-apartment-penthouse-for-sale-in-tremont-terra-gota-ahmedabad?pid=BhRYQlFLWV4
4829517c-3e78-4a31-aaac-fdf0df6baaef,"Properties for Sale in Science City, Ahmedabad",9f027614-9e09-4c4a-bc1c-35db1637260c,,,,Ahmedabad,Ahmedabad,Id,,addressbox,https://www.addressbox.com/property-search/property-for-sale-in-science-city-ahmedabad
ee30d399-10dc-4bf6-8bbc-7504f120d3d6,Property in Ahmedabad below ₹ 50 Lakh,9f027614-9e09-4c4a-bc1c-35db1637260c,,,,Ahmedabad,Ahmedabad,Id,,addressbox,https://www.addressbox.com/property-search/properties-below-50-lakhs-in-ahmedabad
dee8b758-7bf6-4e56-970a-9182cd382b8b,"Flats / Apartments for Sale in Nikol, Ahmedabad",9f027614-9e09-4c4a-bc1c-35db1637260c,,,,Ahmedabad,Ahmedabad,Id,,addressbox,https://www.addressbox.com/property-search/flats-for-sale-in-nikol-ahmedabad
95d58e2e-5f38-44e9-835b-4db909c42a16,5 BHK Bungalows / Villas for Sale in Ahmedabad,9f027614-9e09-4c4a-bc1c-35db1637260c,,,,Ahmedabad,Ahmedabad,Id,,addressbox,https://www.addressbox.com/property-search/5-bhk-bungalow-for-sale-in-ahmedabad
90d93183-d15f-43f7-8bf2-7bf90c42e90f,"Flats for Resale in Maninagar, Ahmedabad",9f027614-9e09-4c4a-bc1c-35db1637260c,,,,Ahmedabad,Ahmedabad,Id,,addressbox,https://www.addressbox.com/property-search/flats-for-resale-in-maninagar-ahmedabad
2502188f-3d9f-45a8-8366-45f56a100dad,"Properties for Sale in Chandkheda, Ahmedabad",9f027614-9e09-4c4a-bc1c-35db1637260c,,,,Ahmedabad,Ahmedabad,Id,,addressbox,https://www.addressbox.com/property-search/property-for-sale-in-chandkheda-ahmedabad
1216c332-7e54-46af-a31d-e9425b5259f3,"Flats / Apartments for Sale in Sola, Ahmedabad",9f027614-9e09-4c4a-bc1c-35db1637260c,,,,Ahmedabad,Ahmedabad,Id,,addressbox,https://www.addressbox.com/property-search/flats-for-sale-in-sola-ahmedabad
34f3c96d-b205-4361-94a5-fc269d538b63,SHIVALIK EDGE,26c62d41-08d5-4617-ab9e-42011e62a71b,,,,Ahmedabad,Ahmedabad,details,,addressbox,https://www.addressbox.com/project-detail-page/flat-apartment-for-sale-in-shivalik-edge-bopal-ahmedabad?pid=BhRYQ1hGVV4
8991eb78-b1cf-4738-9734-562d8602342e,3 BHK Flats / Apartments for Sale in Science City Ahmedabad,9f027614-9e09-4c4a-bc1c-35db1637260c,,,,Ahmedabad,Ahmedabad,Id,,addressbox,https://www.addressbox.com/property-search/3-bhk-flats-for-sale-in-science-city-ahmedabad
4459a9e9-c452-4b57-9634-be28eb9240a6,"Properties for Sale in Vaishno Devi Circle, Ahmedabad",9f027614-9e09-4c4a-bc1c-35db1637260c,,,,Ahmedabad,Ahmedabad,Id,,addressbox,https://www.addressbox.com/property-search/property-for-sale-in-vaishno-devi-circle-ahmedabad
8ce31498-3fa0-4fe1-b246-b812d81b4a03,2 BHK Flats for Sale in Science City Ahmedabad,9f027614-9e09-4c4a-bc1c-35db1637260c,,,,Ahmedabad,Ahmedabad,Id,,addressbox,https://www.addressbox.com/property-search/2-bhk-flats-for-sale-in-science-city-ahmedabad
025e69e7-4ee2-426c-8378-0e2fd95ebf60,The Kimana Towers,9d256473-772f-4dce-8027-eca92bcc322d,,,,Ahmedabad,Ahmedabad,details,,addressbox,https://www.addressbox.com/project-detail-page/flat-apartment-for-sale-in-the-kimana-towers-ambli-ahmedabad?pid=BhRYQ1hKVlI
3302186e-fd1b-48b8-8032-bd78ffcc0525,The Crown,e9bf6436-0fb2-45c1-b170-c73d7f77055b,,,,Ahmedabad,Ahmedabad,details,,addressbox,https://www.addressbox.com/project-detail-page/flat-apartment-for-sale-in-the-crown-bhat-ahmedabad?pid=BhRYQ1pEUVI
71ce22d0-2737-4c79-aab6-fdd3a4b785bb,AZZARO,5d9a84c0-cfbf-415c-9432-47d1a4e014c8,,,,Ahmedabad,Ahmedabad,details,,addressbox,https://www.addressbox.com/project-detail-page/flat-apartment-penthouse-for-sale-in-azzaro-jagatpur-ahmedabad?pid=BhRYQlBDVVw
6d0b886d-9389-49f8-b231-d24f0a5e295f,2 BHK Flats / Apartments for Sale in Vaishno Devi Circle Ahmedabad,9f027614-9e09-4c4a-bc1c-35db1637260c,,,,Ahmedabad,Ahmedabad,Id,,addressbox,https://www.addressbox.com/property-search/2-bhk-flats-for-sale-in-vaishno-devi-circle-ahmedabad
8acb1cb3-1faa-4911-9ce8-15d1514d3a78,4 BHK Flats / Apartments for Sale in Sindhubhavan Ahmedabad,9f027614-9e09-4c4a-bc1c-35db1637260c,,,,Ahmedabad,Ahmedabad,Id,,addressbox,https://www.addressbox.com/property-search/4-bhk-flats-for-sale-in-sindhubhavan-ahmedabad
f32fd9c3-2766-4f3c-b1fe-7e197e33b425,ARISTO THE OPUS AND AATMANTAN,193c68d0-a488-4f8a-a608-83ee42cd2076,,,,Ahmedabad,Ahmedabad,details,,addressbox,https://www.addressbox.com/project-detail-page/flat-apartment-for-sale-in-aristo-the-opus-and-aatmantan-gota-ahmedabad?pid=BhRYQ15GUV8
f27f9089-38e2-4805-a57c-57dd81c39d84,"Flats / Apartments for Sale in Maninagar, Ahmedabad",9f027614-9e09-4c4a-bc1c-35db1637260c,,,,Ahmedabad,Ahmedabad,Id,,addressbox,https://www.addressbox.com/property-search/flats-for-sale-in-maninagar-ahmedabad
d6c97688-03b7-4f28-ae53-fbfccaccd13f,MALABAR RETREAT,3b3d3b3a-cefb-4c5c-a969-4626bd2fce95,,,,Ahmedabad,Ahmedabad,details,,addressbox,https://www.addressbox.com/project-detail-page/flat-apartment-for-sale-in-malabar-retreat-chharodi-ahmedabad?pid=BhRYQ1tBVlo
38740c0e-9bd0-4058-89ad-62af1fa29b30,"Flats for Resale in Sindhubhavan, Ahmedabad",9f027614-9e09-4c4a-bc1c-35db1637260c,,,,Ahmedabad,Ahmedabad,Id,,addressbox,https://www.addressbox.com/property-search/flats-for-resale-in-sindhubhavan-ahmedabad
b2563e2f-a3e7-4a91-97de-006737d332fe,"Flats / Apartments for Sale in Thaltej, Ahmedabad",9f027614-9e09-4c4a-bc1c-35db1637260c,,,,Ahmedabad,Ahmedabad,Id,,addressbox,https://www.addressbox.com/property-search/flats-for-sale-in-thaltej-ahmedabad
307cb47c-8a3f-4ddb-8e12-9353ea919157,"Flats / Apartments for Sale in Gota, Ahmedabad",9f027614-9e09-4c4a-bc1c-35db1637260c,,,,Ahmedabad,Ahmedabad,Id,,addressbox,https://www.addressbox.com/property-search/flats-for-sale-in-gota-ahmedabad
2e0ecf7a-19c5-47df-aa69-38c9dc398034,Property For Sale in Ahmedabad Localities,d0583fde-358b-416c-ad6a-b3a468dc941d,,,,Ahmedabad,Ahmedabad,Id,,addressbox,https://www.addressbox.com/sitemap.html/property-for-sale-in-ahmedabad-localities.html
6317d3bf-933b-435d-8fa8-6ddeaa4bf7be,"Flats / Apartments for Sale in Ambli, Ahmedabad",9f027614-9e09-4c4a-bc1c-35db1637260c,,,,Ahmedabad,Ahmedabad,Id,,addressbox,https://www.addressbox.com/property-search/flats-for-sale-in-ambli-ahmedabad
aeba1fd3-8440-4a65-ba45-18082c728344,"Properties for Sale in Sarkhej, Ahmedabad",9f027614-9e09-4c4a-bc1c-35db1637260c,,,,Ahmedabad,Ahmedabad,Id,,addressbox,https://www.addressbox.com/property-search/property-for-sale-in-sarkhej-ahmedabad
2bcae008-7173-40aa-b4bb-4f90bc0398d3,THE 31ST,b59c71a1-12fe-4c24-9b03-48d88abd0084,,,,Ahmedabad,Ahmedabad,details,,addressbox,https://www.addressbox.com/project-detail-page/flat-apartment-for-sale-in-the-31st-thaltej-ahmedabad?pid=BhRYQ1hLU1o
787cdbce-a4d5-4f8d-9c2a-a197d1b8ea05,2 BHK Flats / Apartments for Sale in Naranpura Ahmedabad,9f027614-9e09-4c4a-bc1c-35db1637260c,,,,Ahmedabad,Ahmedabad,Id,,addressbox,https://www.addressbox.com/property-search/2-bhk-flats-for-sale-in-naranpura-ahmedabad
6d495f81-6bae-43ee-ae40-1b043219282f,3 BHK Flats / Apartments for Sale in South Bopal Ahmedabad,9f027614-9e09-4c4a-bc1c-35db1637260c,,,,Ahmedabad,Ahmedabad,Id,,addressbox,https://www.addressbox.com/property-search/3-bhk-flats-for-sale-in-south-bopal-ahmedabad
3cad38f6-ac11-4a40-b5b1-9ede75aa467a,NIWA,06234413-a17b-4007-bbfd-f56702569419,,,,Ahmedabad,Ahmedabad,details,,addressbox,https://www.addressbox.com/project-detail-page/flat-apartment-for-sale-in-niwa-shela-ahmedabad?pid=BhRYQV5KUFs
5a6ba33e-4ef3-4654-a5f6-9edb0c39ebbd,"Properties for Sale in Satellite Road, Ahmedabad",9f027614-9e09-4c4a-bc1c-35db1637260c,,,,Ahmedabad,Ahmedabad,Id,,addressbox,https://www.addressbox.com/property-search/property-for-sale-in-satellite-road-ahmedabad
5778b03e-a299-4be5-97c2-160dab048ee0,ETERNITY BY RATNAAKAR,acda495b-494c-4f23-a819-6b3d340239a4,,,,Ahmedabad,Ahmedabad,details,,addressbox,https://www.addressbox.com/project-detail-page/flat-apartment-for-sale-in-eternity-by-ratnaakar-ambli-ahmedabad?pid=BhRYQ1tDWFI
6ac2284a-f26e-454d-b428-d48d6a802de3,Belrosa,e72ea4e7-390d-4e9b-abe0-fc1a4c19d435,,,,Ahmedabad,Ahmedabad,details,,addressbox,https://www.addressbox.com/project-detail-page/flat-apartment-duplex-for-sale-in-belrosa-shantigram-ahmedabad?pid=BhRYQV9GUVk
160714a1-60c9-4784-8db1-faa2983b3882,Kavisha The Portrait,bcae06fa-b027-408c-b3fb-bf5224d2e80a,,,,Ahmedabad,Ahmedabad,details,,addressbox,https://www.addressbox.com/project-detail-page/flat-apartment-for-sale-in-kavisha-the-portrait-shela-ahmedabad?pid=BhRYQ15AUV8
a8df1244-02fa-4fec-a200-e12b20fb423d,2 BHK Flats for Sale in Chharodi Ahmedabad,9f027614-9e09-4c4a-bc1c-35db1637260c,,,,Ahmedabad,Ahmedabad,Id,,addressbox,https://www.addressbox.com/property-search/2-bhk-flats-for-sale-in-chharodi-ahmedabad
3e4f5252-92b0-45dc-be2b-1fec5e1226a5,"Flats for Resale in Navrangpura, Ahmedabad",9f027614-9e09-4c4a-bc1c-35db1637260c,,,,Ahmedabad,Ahmedabad,Id,,addressbox,https://www.addressbox.com/property-search/flats-for-resale-in-navrangpura-ahmedabad
94040de7-1860-4cad-bf9b-685123849487,The Green Parmeshwar,5e4412ef-cee4-454b-b09b-d4d7fd1b4cd3,,,,Ahmedabad,Ahmedabad,details,,addressbox,https://www.addressbox.com/project-detail-page/flat-apartment-for-sale-in-the-green-parmeshwar-jagatpur-ahmedabad?pid=BhRYQ15CV1k
a6fd0279-b302-44e0-b5da-fe883e280c80,The West Park,38472ad5-6515-48da-9122-68508888c1a1,,,,Ahmedabad,Ahmedabad,details,,addressbox,https://www.addressbox.com/project-detail-page/bunglow-villa-for-sale-in-the-west-park-sg-highway-ahmedabad?pid=BhRYQ1pEV1g
6ec63410-44a4-4a33-a9d2-b5025433d96d,2 BHK Flats for Sale in South Bopal Ahmedabad,9f027614-9e09-4c4a-bc1c-35db1637260c,,,,Ahmedabad,Ahmedabad,Id,,addressbox,https://www.addressbox.com/property-search/2-bhk-flats-for-sale-in-south-bopal-ahmedabad
2a9072e3-43be-423b-8bf4-953eb5ab7858,SAMATVA MAGNOLIA,22fad5ea-20d9-47bd-bb1b-44e8adfb4e4c,,,,Ahmedabad,Ahmedabad,details,,addressbox,https://www.addressbox.com/project-detail-page/flat-apartment-for-sale-in-samatva-magnolia-ognaj-ahmedabad?pid=BhRYQ15GVFs
06a4e6d3-bc60-40ed-9902-6fc493a84e4a,2 BHK Flats for Sale in Jagatpur Ahmedabad,9f027614-9e09-4c4a-bc1c-35db1637260c,,,,Ahmedabad,Ahmedabad,Id,,addressbox,https://www.addressbox.com/property-search/2-bhk-flats-for-sale-in-jagatpur-ahmedabad
b9352dd0-013f-470a-98d4-ef7174ff4694,"Properties for Sale in Sg Highway, Ahmedabad",9f027614-9e09-4c4a-bc1c-35db1637260c,,,,Ahmedabad,Ahmedabad,Id,,addressbox,https://www.addressbox.com/property-search/property-for-sale-in-sg-highway-ahmedabad
7e6c35cc-8052-4f1d-9cd3-d78e0eee00dc,2 BHK Flats / Apartments for Sale in Gota Ahmedabad,9f027614-9e09-4c4a-bc1c-35db1637260c,,,,Ahmedabad,Ahmedabad,Id,,addressbox,https://www.addressbox.com/property-search/2-bhk-flats-for-sale-in-gota-ahmedabad
9659e49d-e79a-4978-a4d6-e4ed66eac98c,RIVIERA PALACIO,d7a8f3ad-fdec-46c1-9c70-a391a31c2e9c,,,,Ahmedabad,Ahmedabad,details,,addressbox,https://www.addressbox.com/project-detail-page/flat-apartment-for-sale-in-riviera-palacio-shela-ahmedabad?pid=BhRYQ1tBUV4
c078172e-2838-4f6b-acf5-af3b8ab2d8bf,SHALIGRAM PRESTIGE,1b77989c-b9e6-4a1e-b3ed-5ac1586ab417,,,,Ahmedabad,Ahmedabad,details,,addressbox,https://www.addressbox.com/project-detail-page/flat-apartment-for-sale-in-shaligram-prestige-shela-ahmedabad?pid=BhRYQlBDUV0
b84aac42-44a1-458f-bff7-140625f385eb,Property in Ahmedabad below ₹ 70 Lakh,9f027614-9e09-4c4a-bc1c-35db1637260c,,,,Ahmedabad,Ahmedabad,Id,,addressbox,https://www.addressbox.com/property-search/properties-below-70-lakhs-in-ahmedabad
a045eb6b-25c6-41b8-ba16-1928d8f99ceb,Venus Pashmina,eeb10ab8-bb5c-4d9f-adc2-89b66cb71057,,,,Ahmedabad,Ahmedabad,details,,addressbox,https://www.addressbox.com/project-detail-page/flat-apartment-for-sale-in-venus-pashmina-bodakdev-ahmedabad?pid=BhRYQ1hGWFk
5a2292bb-2f36-4253-8227-b57d355e02e9,SHELADIA LUXURIA,0778c095-ee3b-42cd-ab3c-4516f595c8cd,,,,Ahmedabad,Ahmedabad,details,,addressbox,https://www.addressbox.com/project-detail-page/flat-apartment-for-sale-in-sheladia-luxuria-shela-ahmedabad?pid=BhRYQ19BUFM
a553f5b2-e6c2-4d78-b3a8-2ef6322f5aa1,"Ready to Move Flats in Nikol, Ahmedabad",9f027614-9e09-4c4a-bc1c-35db1637260c,,,,Ahmedabad,Ahmedabad,Id,,addressbox,https://www.addressbox.com/property-search/ready-to-move-flats-in-nikol-ahmedabad
78ff0f52-7a4c-4d55-bed5-46a966e95e53,"Flats for Resale in Vastral, Ahmedabad",9f027614-9e09-4c4a-bc1c-35db1637260c,,,,Ahmedabad,Ahmedabad,Id,,addressbox,https://www.addressbox.com/property-search/flats-for-resale-in-vastral-ahmedabad
36aa6c24-177d-41d1-a660-32d47f4f84e5,"New Residential Flats in Sola, Ahmedabad",9f027614-9e09-4c4a-bc1c-35db1637260c,,,,Ahmedabad,Ahmedabad,Id,,addressbox,https://www.addressbox.com/property-search/new-residential-flats-in-sola-ahmedabad
b33265b6-576b-4198-83b8-a4e22870ed38,4 BHK Flats / Apartments for Sale in Ahmedabad,9f027614-9e09-4c4a-bc1c-35db1637260c,,,,Ahmedabad,Ahmedabad,Id,,addressbox,https://www.addressbox.com/property-search/4-bhk-flats-for-sale-in-ahmedabad
3145c349-c678-4fbe-b6a1-9f5f1b61e0f7,"New Residential Flats in Navrangpura, Ahmedabad",9f027614-9e09-4c4a-bc1c-35db1637260c,,,,Ahmedabad,Ahmedabad,Id,,addressbox,https://www.addressbox.com/property-search/new-residential-flats-in-navrangpura-ahmedabad
d92eedc5-a288-4cb6-aaa3-4c1d666353a6,BINORI BELMONT,942f1362-1e2b-4c0b-a558-9edfd7fccab5,,,,Ahmedabad,Ahmedabad,details,,addressbox,https://www.addressbox.com/project-detail-page/flat-apartment-penthouse-for-sale-in-binori-belmont-ambli-ahmedabad?pid=BhRYQ1tAUls
79dc6801-4002-4e6c-aa78-04c054e6de05,Real Estate Consultant in Ahmedabad & Gandhinagar,3560f194-a375-4855-a060-0bd708e65bf8,,,,Ahmedabad / Gandhinagar,Ahmedabad,,,vitalspace,https://vitalspace.in/shortlist-property
44943bc0-c92b-4508-b00a-a242b15e82b5,Vital Space Listing,3560f194-a375-4855-a060-0bd708e65bf8,,,,Ahmedabad / Gandhinagar,Ahmedabad,,,vitalspace,https://3-bhk-luxury-flats-in
fcc30e6b-f40d-4903-aa1e-0d44c03d65f9,Vital Space Listing,3560f194-a375-4855-a060-0bd708e65bf8,,,,Ahmedabad / Gandhinagar,Ahmedabad,,,vitalspace,https://3-bhk-ready-to-move-flats-in
690dd727-28fb-4467-a604-c372e802074f,Vital Space Listing,3560f194-a375-4855-a060-0bd708e65bf8,,,,Ahmedabad / Gandhinagar,Ahmedabad,,,vitalspace,https://4-bhk-ready-to-move-flats-in
0ab00781-0ef4-469c-b2b3-5b5ffb81eab1,Vital Space Listing,3560f194-a375-4855-a060-0bd708e65bf8,,,,Ahmedabad / Gandhinagar,Ahmedabad,,,vitalspace,https://5-bhk-flats-in-for-investment
be0c242e-f4e8-4b3c-9431-8866fc3f2c26,Vital Space Listing,3560f194-a375-4855-a060-0bd708e65bf8,,,,Ahmedabad / Gandhinagar,Ahmedabad,,,vitalspace,https://3-bhk-flats-under-80-lakhs
ac9bb0b3-07e5-440a-9f1b-f558b406ea47,Vital Space Listing,3560f194-a375-4855-a060-0bd708e65bf8,,,,Ahmedabad / Gandhinagar,Ahmedabad,,,vitalspace,https://5-bhk-duplex
83eb49eb-b5d6-4228-8fab-6e7a94b8fc9f,Under Construction Flats In Ahmedabad,3560f194-a375-4855-a060-0bd708e65bf8,,,,Ahmedabad / Gandhinagar,Ahmedabad,AG/GJ/AHMEDABAD/AHMEDABAD,,vitalspace,https://vitalspace.in/ahmedabad/under-construction-flats-in-ahmedabad
df6cc6de-c5d7-4968-ac63-0341250c7ccf,Vital Space Listing,3560f194-a375-4855-a060-0bd708e65bf8,,,,Ahmedabad / Gandhinagar,Ahmedabad,,,vitalspace,https://3-bhk-affordable-flats-in
0a144ddd-c736-4630-97e2-d1578d6b057b,Vital Space Listing,3560f194-a375-4855-a060-0bd708e65bf8,,,,Ahmedabad / Gandhinagar,Ahmedabad,,,vitalspace,https://4-bhk-duplex-flats-in
df662c33-e9b7-40a3-92f9-6801f4b6cd9e,Vital Space Listing,3560f194-a375-4855-a060-0bd708e65bf8,,,,Ahmedabad / Gandhinagar,Ahmedabad,,,vitalspace,https://3-bhk-new-launch-flats-in
95044f9c-dbac-4470-be34-da9d647dc81c,Vital Space Listing,3560f194-a375-4855-a060-0bd708e65bf8,,,,Ahmedabad / Gandhinagar,Ahmedabad,,,vitalspace,https://3-bhk-premium-flats-in
dee79dea-479e-40ba-a396-088974f1eebd,Vital Space Listing,3560f194-a375-4855-a060-0bd708e65bf8,,,,Ahmedabad / Gandhinagar,Ahmedabad,,,vitalspace,https://4-bhk-luxury-flats-in
94b41b6b-42f3-4c4b-aae1-01e363566383,Vital Space Listing,3560f194-a375-4855-a060-0bd708e65bf8,,,,Ahmedabad / Gandhinagar,Ahmedabad,,,vitalspace,https://5-bhk-penthouse-in
6bb9c76e-35a3-426e-b00c-0fc4e6a9ebcc,Vital Space Listing,3560f194-a375-4855-a060-0bd708e65bf8,,,,Ahmedabad / Gandhinagar,Ahmedabad,,,vitalspace,https://4-bhk-penthouse-in
1f303692-a689-4ea3-b946-dc5ae0537800,Vital Space Listing,3560f194-a375-4855-a060-0bd708e65bf8,,,,Ahmedabad / Gandhinagar,Ahmedabad,,,vitalspace,https://5-bhk-premium-flats-in
e308817d-1cbe-485e-b0d5-a703ff9c580a,Vital Space Listing,3560f194-a375-4855-a060-0bd708e65bf8,,,,Ahmedabad / Gandhinagar,Ahmedabad,,,vitalspace,https://3-bhk-flats-in-for-investment
1c8b2fc2-2b25-409d-9d03-0265bbc3b230,Vital Space Listing,3560f194-a375-4855-a060-0bd708e65bf8,,,,Ahmedabad / Gandhinagar,Ahmedabad,,,vitalspace,https://property-for-investment-in
4aa233b0-94cd-402e-b342-b8acfa7bf1df,Vital Space Listing,3560f194-a375-4855-a060-0bd708e65bf8,,,,Ahmedabad / Gandhinagar,Ahmedabad,,,vitalspace,https://luxurious-flats-in
f37b5299-47f3-4339-9b78-8b23da7c2648,Vital Space Listing,3560f194-a375-4855-a060-0bd708e65bf8,,,,Ahmedabad / Gandhinagar,Ahmedabad,,,vitalspace,https://5-bhk-ready-to-move-flats-in
8c1b9bac-262c-4fc8-b61e-68844264b4ce,Vital Space Listing,3560f194-a375-4855-a060-0bd708e65bf8,,,,Ahmedabad / Gandhinagar,Ahmedabad,,,vitalspace,https://3-bhk-flats-under-1-cr
c33df6e6-1e2c-4f3d-acb9-7f8bf4e7786e,Vital Space Listing,3560f194-a375-4855-a060-0bd708e65bf8,,,,Ahmedabad / Gandhinagar,Ahmedabad,,,vitalspace,https://2-bhk-new-launch-flats-in
3a0ec64d-0201-48e7-8423-0d41d811512d,Vital Space Listing,3560f194-a375-4855-a060-0bd708e65bf8,,,,Ahmedabad / Gandhinagar,Ahmedabad,,,vitalspace,https://flats-in
721cf306-0345-403e-9115-ad79e3cb223e,Vital Space Listing,3560f194-a375-4855-a060-0bd708e65bf8,,,,Ahmedabad / Gandhinagar,Ahmedabad,,,vitalspace,https://property-for-sale-in
a059799c-68d6-466f-8ccf-66cbc89175c0,Vital Space Listing,3560f194-a375-4855-a060-0bd708e65bf8,,,,Ahmedabad / Gandhinagar,Ahmedabad,,,vitalspace,https://5-bhk-new-launch-flats-in
679547e7-a72d-49a5-9664-77f6c73a2fec,Vital Space Listing,3560f194-a375-4855-a060-0bd708e65bf8,,,,Ahmedabad / Gandhinagar,Ahmedabad,,,vitalspace,https://4-bhk-premium-flats-in
d95f3ddd-fd2b-4fa4-938c-acb78131ff1d,Vital Space Listing,3560f194-a375-4855-a060-0bd708e65bf8,,,,Ahmedabad / Gandhinagar,Ahmedabad,,,vitalspace,https://5-bhk-luxury-flats-in
9df86f0b-4768-4d6f-a351-71d431d555bd,Vital Space Listing,3560f194-a375-4855-a060-0bd708e65bf8,,,,Ahmedabad / Gandhinagar,Ahmedabad,,,vitalspace,https://2-bhk-flats-under-70-lakhs
e97eb1d8-fa54-4cf6-a704-1411f80a7ea5,Vital Space Listing,3560f194-a375-4855-a060-0bd708e65bf8,,,,Ahmedabad / Gandhinagar,Ahmedabad,,,vitalspace,https://2-bhk-flats-in-for-investment
81adbe2a-3bd4-4ea9-8b3b-d18029e2fbd5,Vital Space Listing,3560f194-a375-4855-a060-0bd708e65bf8,,,,Ahmedabad / Gandhinagar,Ahmedabad,,,vitalspace,https://2-bhk-ready-to-move-flats-in
2703bc71-50d4-4b96-9cae-10a6b38d449e,Vital Space Listing,3560f194-a375-4855-a060-0bd708e65bf8,,,,Ahmedabad / Gandhinagar,Ahmedabad,,,vitalspace,https://4-bhk-new-launch-flats-in
d8c0cbe8-69e1-4f9c-a7be-00461e9a7f4f,Vital Space Listing,3560f194-a375-4855-a060-0bd708e65bf8,,,,Ahmedabad / Gandhinagar,Ahmedabad,,,vitalspace,https://flats-under-75-lakhs-in
d36e61e3-41ae-4e1e-8087-bae53c1efaa9,Vital Space Listing,3560f194-a375-4855-a060-0bd708e65bf8,,,,Ahmedabad / Gandhinagar,Ahmedabad,,,vitalspace,https://4-bhk-flats-under-3-cr
10c8784d-a155-4822-9b12-f068a92eea4b,Vital Space Listing,3560f194-a375-4855-a060-0bd708e65bf8,,,,Ahmedabad / Gandhinagar,Ahmedabad,,,vitalspace,https://2-bhk-affordable-flats-in
1902db6d-a0cd-42dd-92d1-698817808be8,Vital Space Listing,3560f194-a375-4855-a060-0bd708e65bf8,,,,Ahmedabad / Gandhinagar,Ahmedabad,,,vitalspace,https://3-bhk-flats-under-1.5-cr
13987da1-b528-47ba-b161-3b39392344fe,Vital Space Listing,3560f194-a375-4855-a060-0bd708e65bf8,,,,Ahmedabad / Gandhinagar,Ahmedabad,,,vitalspace,https://4-bhk-flats-in-for-investment
9b6b6f22-040d-4e42-8eec-b92321b159f1,"Flats / Apartments for Rent in Salki, Ahmedabad",9f027614-9e09-4c4a-bc1c-35db1637260c,,,,Ahmedabad,Ahmedabad,Id,,addressbox,https://www.addressbox.com/property-search/flats-for-rent-in-salki-gandhinagar
ca8e5f61-3239-4879-9407-65391ef872d4,"Flats / Apartments for Sale in Kocharia, Ahmedabad",9f027614-9e09-4c4a-bc1c-35db1637260c,,,,Ahmedabad,Ahmedabad,Id,,addressbox,https://www.addressbox.com/property-search/flats-for-sale-in-kocharia-ahmedabad
1bda92cc-6bea-452c-bf83-1c046483fb91,"Flats / Apartments for Rent in Ramol, Ahmedabad",9f027614-9e09-4c4a-bc1c-35db1637260c,,,,Ahmedabad,Ahmedabad,Id,,addressbox,https://www.addressbox.com/property-search/flats-for-rent-in-ramol-ahmedabad
97a40ec1-7927-4227-a037-e6fe87625fdf,"Flats / Apartments for Sale in Gulbai Tekra, Ahmedabad",9f027614-9e09-4c4a-bc1c-35db1637260c,,,,Ahmedabad,Ahmedabad,Id,,addressbox,https://www.addressbox.com/property-search/flats-for-sale-in-gulbai-tekra-ahmedabad
deabd6e4-7bd2-4020-9bf7-968581805878,"Flats / Apartments for Sale in Patna Kuva, Ahmedabad",9f027614-9e09-4c4a-bc1c-35db1637260c,,,,Ahmedabad,Ahmedabad,Id,,addressbox,https://www.addressbox.com/property-search/flats-for-sale-in-patna-kuva-gandhinagar
8c3a848f-51b1-4d48-bb07-7e4ffbb80293,"Flats / Apartments for Rent in Jindva, Ahmedabad",9f027614-9e09-4c4a-bc1c-35db1637260c,,,,Ahmedabad,Ahmedabad,Id,,addressbox,https://www.addressbox.com/property-search/flats-for-rent-in-jindva-gandhinagar
901c0d79-ee33-4557-b27b-25f356b5d65d,"Flats / Apartments for Rent in Parbatpura, Ahmedabad",9f027614-9e09-4c4a-bc1c-35db1637260c,,,,Ahmedabad,Ahmedabad,Id,,addressbox,https://www.addressbox.com/property-search/flats-for-rent-in-parbatpura-gandhinagar
6614922f-d23d-4a8d-8a3d-5253886e6b1a,"Flats / Apartments for Sale in Khadat, Ahmedabad",9f027614-9e09-4c4a-bc1c-35db1637260c,,,,Ahmedabad,Ahmedabad,Id,,addressbox,https://www.addressbox.com/property-search/flats-for-sale-in-khadat-gandhinagar
8a57bf22-b3a3-4676-b421-fcb02264571f,"Flats / Apartments for Rent in Odhav, Ahmedabad",9f027614-9e09-4c4a-bc1c-35db1637260c,,,,Ahmedabad,Ahmedabad,Id,,addressbox,https://www.addressbox.com/property-search/flats-for-rent-in-odhav-ahmedabad
8d82f81e-8604-4c25-beac-ad8489b57e31,"Flats / Apartments for Rent in Sardarnagar, Ahmedabad",9f027614-9e09-4c4a-bc1c-35db1637260c,,,,Ahmedabad,Ahmedabad,Id,,addressbox,https://www.addressbox.com/property-search/flats-for-rent-in-sardarnagar-ahmedabad
70834992-d470-4cb2-903b-76e2366ce643,"Flats / Apartments for Rent in Madrisana, Ahmedabad",9f027614-9e09-4c4a-bc1c-35db1637260c,,,,Ahmedabad,Ahmedabad,Id,,addressbox,https://www.addressbox.com/property-search/flats-for-rent-in-madrisana-ahmedabad
3d3896b5-1ba9-4a28-8705-0921a155a962,"Flats / Apartments for Rent in Sector 26, Ahmedabad",9f027614-9e09-4c4a-bc1c-35db1637260c,,,,Ahmedabad,Ahmedabad,Id,,addressbox,https://www.addressbox.com/property-search/flats-for-rent-in-sector-26-gandhinagar
c15ce150-4bbe-4a72-98bf-623a30ecf144,"Flats / Apartments for Sale in Tarapur, Ahmedabad",9f027614-9e09-4c4a-bc1c-35db1637260c,,,,Ahmedabad,Ahmedabad,Id,,addressbox,https://www.addressbox.com/property-search/flats-for-sale-in-tarapur-gandhinagar
d3c744b8-a977-4ed1-bbed-98c6294b7652,"Flats / Apartments for Rent in Vasna Chacharvadi, Ahmedabad",9f027614-9e09-4c4a-bc1c-35db1637260c,,,,Ahmedabad,Ahmedabad,Id,,addressbox,https://www.addressbox.com/property-search/flats-for-rent-in-vasna-chacharvadi-ahmedabad
011d006d-1c61-4981-a36c-31a2c755464e,"Flats / Apartments for Sale in Aniyali, Ahmedabad",9f027614-9e09-4c4a-bc1c-35db1637260c,,,,Ahmedabad,Ahmedabad,Id,,addressbox,https://www.addressbox.com/property-search/flats-for-sale-in-aniyali-ahmedabad
9da9a5e7-f5f4-4020-baa2-0d87de68f979,"Flats / Apartments for Rent in Joshipura, Ahmedabad",9f027614-9e09-4c4a-bc1c-35db1637260c,,,,Ahmedabad,Ahmedabad,Id,,addressbox,https://www.addressbox.com/property-search/flats-for-rent-in-joshipura-ahmedabad
146973e9-64ed-448d-9a75-f14c6296eea8,"Flats / Apartments for Rent in Undrel, Ahmedabad",9f027614-9e09-4c4a-bc1c-35db1637260c,,,,Ahmedabad,Ahmedabad,Id,,addressbox,https://www.addressbox.com/property-search/flats-for-rent-in-undrel-ahmedabad
2ae43d42-af6a-47ed-b60c-a28c0cd1a381,"Flats / Apartments for Sale in Sanand, Ahmedabad",9f027614-9e09-4c4a-bc1c-35db1637260c,,,,Ahmedabad,Ahmedabad,Id,,addressbox,https://www.addressbox.com/property-search/flats-for-sale-in-sanand-ahmedabad
9af92099-02ea-4f44-aac4-0b0f81de3f99,"Flats / Apartments for Rent in Vanch, Ahmedabad",9f027614-9e09-4c4a-bc1c-35db1637260c,,,,Ahmedabad,Ahmedabad,Id,,addressbox,https://www.addressbox.com/property-search/flats-for-rent-in-vanch-ahmedabad
22602a1a-7961-41b6-923c-9d57535d18aa,"Flats / Apartments for Sale in Raipur, Ahmedabad",9f027614-9e09-4c4a-bc1c-35db1637260c,,,,Ahmedabad,Ahmedabad,Id,,addressbox,https://www.addressbox.com/property-search/flats-for-sale-in-raipur-ahmedabad
b40a3e82-e091-4bb7-ad32-7ab353c47fbc,"Flats / Apartments for Sale in Sardarnagar, Ahmedabad",9f027614-9e09-4c4a-bc1c-35db1637260c,,,,Ahmedabad,Ahmedabad,Id,,addressbox,https://www.addressbox.com/property-search/flats-for-sale-in-sardarnagar-ahmedabad
692a3550-0cb2-405a-ab86-41b54499f275,"Flats / Apartments for Rent in Charanki, Ahmedabad",9f027614-9e09-4c4a-bc1c-35db1637260c,,,,Ahmedabad,Ahmedabad,Id,,addressbox,https://www.addressbox.com/property-search/flats-for-rent-in-charanki-ahmedabad
54ea33db-977d-4646-97e9-ed39195f81f2,"Flats / Apartments for Sale in Jethlaj, Ahmedabad",9f027614-9e09-4c4a-bc1c-35db1637260c,,,,Ahmedabad,Ahmedabad,Id,,addressbox,https://www.addressbox.com/property-search/flats-for-sale-in-jethlaj-gandhinagar
8382e074-df2b-4ae1-b699-d35d6a493ef7,"Flats / Apartments for Rent in Adhana, Ahmedabad",9f027614-9e09-4c4a-bc1c-35db1637260c,,,,Ahmedabad,Ahmedabad,Id,,addressbox,https://www.addressbox.com/property-search/flats-for-rent-in-adhana-ahmedabad
63b3673f-644a-4103-8df0-b05fa8c3117e,"Flats / Apartments for Rent in Prantiya, Ahmedabad",9f027614-9e09-4c4a-bc1c-35db1637260c,,,,Ahmedabad,Ahmedabad,Id,,addressbox,https://www.addressbox.com/property-search/flats-for-rent-in-prantiya-gandhinagar
043fff89-d601-419d-829e-6a24560ea33c,"Flats / Apartments for Rent in Dabhoda, Ahmedabad",9f027614-9e09-4c4a-bc1c-35db1637260c,,,,Ahmedabad,Ahmedabad,Id,,addressbox,https://www.addressbox.com/property-search/flats-for-rent-in-dabhoda-gandhinagar
9d49c66d-88ea-4ade-ab45-b33432203ffa,"Flats / Apartments for Sale in Navanagar, Ahmedabad",9f027614-9e09-4c4a-bc1c-35db1637260c,,,,Ahmedabad,Ahmedabad,Id,,addressbox,https://www.addressbox.com/property-search/flats-for-sale-in-navanagar-gandhinagar
f132f60b-8bfa-4c5e-948f-e8de73ddc69f,"Flats / Apartments for Rent in Dehgam, Gandhinagar",9f027614-9e09-4c4a-bc1c-35db1637260c,,,,Ahmedabad,Ahmedabad,Id,,addressbox,https://www.addressbox.com/property-search/flats-for-rent-in-dehgam-gandhinagar
210584a8-0d44-44b2-8e34-6a618d07553a,"Flats / Apartments for Sale in Kasindra, Ahmedabad",9f027614-9e09-4c4a-bc1c-35db1637260c,,,,Ahmedabad,Ahmedabad,Id,,addressbox,https://www.addressbox.com/property-search/flats-for-sale-in-kasindra-gandhinagar
cdc42baa-6261-4e8d-83ca-bc47530dd076,"Flats / Apartments for Sale in Hathijan, Ahmedabad",9f027614-9e09-4c4a-bc1c-35db1637260c,,,,Ahmedabad,Ahmedabad,Id,,addressbox,https://www.addressbox.com/property-search/flats-for-sale-in-hathijan-gandhinagar
b21da540-f7e4-4503-9689-9f5abdde1ee8,"Flats / Apartments for Sale in Daskroi, Ahmedabad",9f027614-9e09-4c4a-bc1c-35db1637260c,,,,Ahmedabad,Ahmedabad,Id,,addressbox,https://www.addressbox.com/property-search/flats-for-sale-in-daskroi-ahmedabad
4347aa5f-034f-4632-8af3-eef91725da61,"Flats / Apartments for Sale in Manekpura, Ahmedabad",9f027614-9e09-4c4a-bc1c-35db1637260c,,,,Ahmedabad,Ahmedabad,Id,,addressbox,https://www.addressbox.com/property-search/flats-for-sale-in-manekpura-gandhinagar
3898f714-f952-4321-94dc-c773a7784cdc,"Flats / Apartments for Sale in Sector 8, Ahmedabad",9f027614-9e09-4c4a-bc1c-35db1637260c,,,,Ahmedabad,Ahmedabad,Id,,addressbox,https://www.addressbox.com/property-search/flats-for-sale-in-sector-8-gandhinagar
fabea6af-f194-4466-8ab1-2abbfe3290d4,"Flats / Apartments for Rent in Gulbai Tekra, Ahmedabad",9f027614-9e09-4c4a-bc1c-35db1637260c,,,,Ahmedabad,Ahmedabad,Id,,addressbox,https://www.addressbox.com/property-search/flats-for-rent-in-gulbai-tekra-ahmedabad
3e1bfd86-4a09-47a9-b162-143cad3ac8ca,"Flats / Apartments for Rent in Rakhial Udyog Vistar, Ahmedabad",9f027614-9e09-4c4a-bc1c-35db1637260c,,,,Ahmedabad,Ahmedabad,Id,,addressbox,https://www.addressbox.com/property-search/flats-for-rent-in-rakhial-udyog-vistar-ahmedabad
cc6b8900-c524-4908-9f9e-651f6641e547,"Flats / Apartments for Rent in Piyaj, Ahmedabad",9f027614-9e09-4c4a-bc1c-35db1637260c,,,,Ahmedabad,Ahmedabad,Id,,addressbox,https://www.addressbox.com/property-search/flats-for-rent-in-piyaj-gandhinagar
4e7ac37d-2803-4c5f-ae87-e2cd89051b33,"Flats / Apartments for Sale in Lekawada, Ahmedabad",9f027614-9e09-4c4a-bc1c-35db1637260c,,,,Ahmedabad,Ahmedabad,Id,,addressbox,https://www.addressbox.com/property-search/flats-for-sale-in-lekawada-gandhinagar
52f0a63d-3f94-4634-ab3e-024218003e5d,"Flats / Apartments for Sale in Salki, Ahmedabad",9f027614-9e09-4c4a-bc1c-35db1637260c,,,,Ahmedabad,Ahmedabad,Id,,addressbox,https://www.addressbox.com/property-search/flats-for-sale-in-salki-gandhinagar
05ce2d55-38d0-42c3-ba6e-2cb1f4677d51,"Flats / Apartments for Sale in Zezra, Ahmedabad",9f027614-9e09-4c4a-bc1c-35db1637260c,,,,Ahmedabad,Ahmedabad,Id,,addressbox,https://www.addressbox.com/property-search/flats-for-sale-in-zezra-ahmedabad
94fc53c1-2383-49ec-b3b8-0d809a65fd41,"Flats / Apartments for Sale in Panchha, Ahmedabad",9f027614-9e09-4c4a-bc1c-35db1637260c,,,,Ahmedabad,Ahmedabad,Id,,addressbox,https://www.addressbox.com/property-search/flats-for-sale-in-panchha-ahmedabad
edbdeeb2-ed4e-419b-bfe8-c89a00cd6623,"Flats / Apartments for Rent in Ognaj, Ahmedabad",9f027614-9e09-4c4a-bc1c-35db1637260c,,,,Ahmedabad,Ahmedabad,Id,,addressbox,https://www.addressbox.com/property-search/flats-for-rent-in-ognaj-ahmedabad
70eb9dd2-2d09-461f-88bf-44e1ca8795b8,"Flats / Apartments for Sale in Dholi, Ahmedabad",9f027614-9e09-4c4a-bc1c-35db1637260c,,,,Ahmedabad,Ahmedabad,Id,,addressbox,https://www.addressbox.com/property-search/flats-for-sale-in-dholi-ahmedabad
0024daea-0130-49ca-8260-044ded052f18,"Flats / Apartments for Rent in Sindhubhavan, Ahmedabad",9f027614-9e09-4c4a-bc1c-35db1637260c,,,,Ahmedabad,Ahmedabad,Id,,addressbox,https://www.addressbox.com/property-search/flats-for-rent-in-sindhubhavan-ahmedabad
c28c2d6d-6957-4a70-bb8b-978a6a4d50f1,"Flats / Apartments for Sale in Rakhial Udyog Vistar, Ahmedabad",9f027614-9e09-4c4a-bc1c-35db1637260c,,,,Ahmedabad,Ahmedabad,Id,,addressbox,https://www.addressbox.com/property-search/flats-for-sale-in-rakhial-udyog-vistar-ahmedabad
fd2141a4-929d-4955-a216-429ad43bc4e4,"Flats / Apartments for Rent in Usmanpura, Ahmedabad",9f027614-9e09-4c4a-bc1c-35db1637260c,,,,Ahmedabad,Ahmedabad,Id,,addressbox,https://www.addressbox.com/property-search/flats-for-rent-in-usmanpura-ahmedabad
e7272657-49e0-4d49-bcdb-d8eb045c8be3,"Flats / Apartments for Rent in Akhbarnagar, Ahmedabad",9f027614-9e09-4c4a-bc1c-35db1637260c,,,,Ahmedabad,Ahmedabad,Id,,addressbox,https://www.addressbox.com/property-search/flats-for-rent-in-akhbarnagar-ahmedabad
cfb709f1-4977-457a-aceb-1430b2430ea2,"Flats / Apartments for Sale in Ambapur, Ahmedabad",9f027614-9e09-4c4a-bc1c-35db1637260c,,,,Ahmedabad,Ahmedabad,Id,,addressbox,https://www.addressbox.com/property-search/flats-for-sale-in-ambapur-gandhinagar
5ef6e169-1801-42e2-8535-77f07e083c34,"Flats / Apartments for Rent in New Vatva, Ahmedabad",9f027614-9e09-4c4a-bc1c-35db1637260c,,,,Ahmedabad,Ahmedabad,Id,,addressbox,https://www.addressbox.com/property-search/flats-for-rent-in-new-vatva-ahmedabad
20ca548c-5419-4515-b837-9a0e893ee82c,"Flats / Apartments for Sale in Sattadhar Cross Road, Ahmedabad",9f027614-9e09-4c4a-bc1c-35db1637260c,,,,Ahmedabad,Ahmedabad,Id,,addressbox,https://www.addressbox.com/property-search/flats-for-sale-in-sattadhar-cross-road-ahmedabad
1cb800eb-c959-4c53-87d2-3918619ad754,"Flats / Apartments for Sale in Galudan, Ahmedabad",9f027614-9e09-4c4a-bc1c-35db1637260c,,,,Ahmedabad,Ahmedabad,Id,,addressbox,https://www.addressbox.com/property-search/flats-for-sale-in-galudan-gandhinagar
1482516c-58ce-4cc0-9023-b8181a25a4bb,"Flats / Apartments for Rent in Corporate Road, Ahmedabad",9f027614-9e09-4c4a-bc1c-35db1637260c,,,,Ahmedabad,Ahmedabad,Id,,addressbox,https://www.addressbox.com/property-search/flats-for-rent-in-corporate-road-ahmedabad
3ba232fe-37d7-4d3d-9bf8-3ba928090552,"Flats / Apartments for Sale in Kathwada Village, Ahmedabad",9f027614-9e09-4c4a-bc1c-35db1637260c,,,,Ahmedabad,Ahmedabad,Id,,addressbox,https://www.addressbox.com/property-search/flats-for-sale-in-kathwada-village-ahmedabad
c8b5eb33-ebef-4896-82bb-076cd9ea786c,"Flats / Apartments for Sale in Dhanwada, Ahmedabad",9f027614-9e09-4c4a-bc1c-35db1637260c,,,,Ahmedabad,Ahmedabad,Id,,addressbox,https://www.addressbox.com/property-search/flats-for-sale-in-dhanwada-ahmedabad
6e7b6fe3-9042-422f-ae2f-c246a0ce7c53,"Flats / Apartments for Sale in Bhadana, Ahmedabad",9f027614-9e09-4c4a-bc1c-35db1637260c,,,,Ahmedabad,Ahmedabad,Id,,addressbox,https://www.addressbox.com/property-search/flats-for-sale-in-bhadana-ahmedabad
6a5d48c1-6cfd-4813-9500-6c3a90e6c5c2,"Flats / Apartments for Rent in Chamla, Ahmedabad",9f027614-9e09-4c4a-bc1c-35db1637260c,,,,Ahmedabad,Ahmedabad,Id,,addressbox,https://www.addressbox.com/property-search/flats-for-rent-in-chamla-gandhinagar
89d6641c-0596-4683-b292-deb4ce2c6096,"Flats / Apartments for Sale in Nesda, Ahmedabad",9f027614-9e09-4c4a-bc1c-35db1637260c,,,,Ahmedabad,Ahmedabad,Id,,addressbox,https://www.addressbox.com/property-search/flats-for-sale-in-nesda-ahmedabad
3bb87639-5bdc-4970-b042-74190d4c33dd,"Flats / Apartments for Rent in Khadat, Ahmedabad",9f027614-9e09-4c4a-bc1c-35db1637260c,,,,Ahmedabad,Ahmedabad,Id,,addressbox,https://www.addressbox.com/property-search/flats-for-rent-in-khadat-gandhinagar
8681efc6-b6f9-4013-94f4-1f35e64fd4bc,"Flats / Apartments for Sale in Tintoda, Ahmedabad",9f027614-9e09-4c4a-bc1c-35db1637260c,,,,Ahmedabad,Ahmedabad,Id,,addressbox,https://www.addressbox.com/property-search/flats-for-sale-in-tintoda-gandhinagar
9c20cfef-5e6d-404e-be4f-a2904ddbe73d,"Flats / Apartments for Sale in Moti Devti, Ahmedabad",9f027614-9e09-4c4a-bc1c-35db1637260c,,,,Ahmedabad,Ahmedabad,Id,,addressbox,https://www.addressbox.com/property-search/flats-for-sale-in-moti-devti-ahmedabad
967bfe78-a8d2-43db-a917-3229e4e910bc,"Flats / Apartments for Sale in Kalol Gandhi Road, Ahmedabad",9f027614-9e09-4c4a-bc1c-35db1637260c,,,,Ahmedabad,Ahmedabad,Id,,addressbox,https://www.addressbox.com/property-search/flats-for-sale-in-kalol-gandhi-road-gandhinagar
3cf5db32-4ce6-48c7-ba31-a51c29bb5efc,"Flats / Apartments for Rent in Rakhiyana, Ahmedabad",9f027614-9e09-4c4a-bc1c-35db1637260c,,,,Ahmedabad,Ahmedabad,Id,,addressbox,https://www.addressbox.com/property-search/flats-for-rent-in-rakhiyana-ahmedabad
b89bebea-f055-4972-9ff1-7def9c4a6b1b,"Flats / Apartments for Rent in Khokhra, Ahmedabad",9f027614-9e09-4c4a-bc1c-35db1637260c,,,,Ahmedabad,Ahmedabad,Id,,addressbox,https://www.addressbox.com/property-search/flats-for-rent-in-khokhra-ahmedabad
69b89b93-15cf-4f68-9773-9b22e1289ba9,"Flats / Apartments for Rent in Karoli, Ahmedabad",9f027614-9e09-4c4a-bc1c-35db1637260c,,,,Ahmedabad,Ahmedabad,Id,,addressbox,https://www.addressbox.com/property-search/flats-for-rent-in-karoli-gandhinagar
691bb6ce-bfdc-4dfa-87de-379a13ed86f0,"Flats / Apartments for Rent in Sindharej, Ahmedabad",9f027614-9e09-4c4a-bc1c-35db1637260c,,,,Ahmedabad,Ahmedabad,Id,,addressbox,https://www.addressbox.com/property-search/flats-for-rent-in-sindharej-ahmedabad
624d5116-019c-433a-8d75-412daad47d2c,"Flats / Apartments for Sale in Bordibazar Viramgam, Ahmedabad",9f027614-9e09-4c4a-bc1c-35db1637260c,,,,Ahmedabad,Ahmedabad,Id,,addressbox,https://www.addressbox.com/property-search/flats-for-sale-in-bordibazar-viramgam-ahmedabad
62aea0c3-7dcc-47d0-bfca-be6fec914d7d,"Flats / Apartments for Rent in Rajoda, Ahmedabad",9f027614-9e09-4c4a-bc1c-35db1637260c,,,,Ahmedabad,Ahmedabad,Id,,addressbox,https://www.addressbox.com/property-search/flats-for-rent-in-rajoda-ahmedabad
41e7a8c6-a52e-44c7-9cdd-70aaa1031ed9,"Flats / Apartments for Sale in Jalalpur Vajifa, Ahmedabad",9f027614-9e09-4c4a-bc1c-35db1637260c,,,,Ahmedabad,Ahmedabad,Id,,addressbox,https://www.addressbox.com/property-search/flats-for-sale-in-jalalpur-vajifa-ahmedabad
2c82535b-8e6c-4fa0-93fa-1d36f312dea6,"Flats / Apartments for Rent in Ode, Ahmedabad",9f027614-9e09-4c4a-bc1c-35db1637260c,,,,Ahmedabad,Ahmedabad,Id,,addressbox,https://www.addressbox.com/property-search/flats-for-rent-in-ode-ahmedabad
d6a65532-56b4-4691-b1d0-cf221180f457,"Flats / Apartments for Sale in Kalyangadh, Ahmedabad",9f027614-9e09-4c4a-bc1c-35db1637260c,,,,Ahmedabad,Ahmedabad,Id,,addressbox,https://www.addressbox.com/property-search/flats-for-sale-in-kalyangadh-ahmedabad
59b9b98d-9516-43ec-aecc-e48b48fb5cb2,"Flats / Apartments for Sale in Ghatisana, Ahmedabad",9f027614-9e09-4c4a-bc1c-35db1637260c,,,,Ahmedabad,Ahmedabad,Id,,addressbox,https://www.addressbox.com/property-search/flats-for-sale-in-ghatisana-ahmedabad
a2c60703-14b4-4850-8b7e-633c5b0bfbfb,"Flats / Apartments for Sale in New Shahibag, Ahmedabad",9f027614-9e09-4c4a-bc1c-35db1637260c,,,,Ahmedabad,Ahmedabad,Id,,addressbox,https://www.addressbox.com/property-search/flats-for-sale-in-new-shahibag-ahmedabad
b3d3487d-c22a-4abd-9d83-9ecfb55a547b,"Flats / Apartments for Rent in Anguthala, Ahmedabad",9f027614-9e09-4c4a-bc1c-35db1637260c,,,,Ahmedabad,Ahmedabad,Id,,addressbox,https://www.addressbox.com/property-search/flats-for-rent-in-anguthala-gandhinagar
418c894a-ec14-4ee7-aeb8-0b9926c786a0,"Flats / Apartments for Rent in Sector 23, Ahmedabad",9f027614-9e09-4c4a-bc1c-35db1637260c,,,,Ahmedabad,Ahmedabad,Id,,addressbox,https://www.addressbox.com/property-search/flats-for-rent-in-sector-23-gandhinagar
1c1f9d4f-31e7-457d-9409-256be834dc1b,"Flats / Apartments for Rent in Paldi, Ahmedabad",9f027614-9e09-4c4a-bc1c-35db1637260c,,,,Ahmedabad,Ahmedabad,Id,,addressbox,https://www.addressbox.com/property-search/flats-for-rent-in-paldi-ahmedabad
702dd382-e317-4067-b028-2384720013ba,"Flats / Apartments for Rent in Navda, Ahmedabad",9f027614-9e09-4c4a-bc1c-35db1637260c,,,,Ahmedabad,Ahmedabad,Id,,addressbox,https://www.addressbox.com/property-search/flats-for-rent-in-navda-ahmedabad
d7aa8b08-4e22-4ef3-9d0c-0c07b856fe6a,"Flats / Apartments for Rent in Kaneti, Ahmedabad",9f027614-9e09-4c4a-bc1c-35db1637260c,,,,Ahmedabad,Ahmedabad,Id,,addressbox,https://www.addressbox.com/property-search/flats-for-rent-in-kaneti-ahmedabad
e9c63763-3527-4a74-9d79-1ed1ca093091,"Flats / Apartments for Rent in Gomtipur, Ahmedabad",9f027614-9e09-4c4a-bc1c-35db1637260c,,,,Ahmedabad,Ahmedabad,Id,,addressbox,https://www.addressbox.com/property-search/flats-for-rent-in-gomtipur-ahmedabad
eb9e1575-0971-4b20-ad36-5fa52dc864bc,"Flats / Apartments for Sale in Lambha, Ahmedabad",9f027614-9e09-4c4a-bc1c-35db1637260c,,,,Ahmedabad,Ahmedabad,Id,,addressbox,https://www.addressbox.com/property-search/flats-for-sale-in-lambha-ahmedabad
383908f7-9bed-4e09-8f75-413f85060428,"Flats / Apartments for Rent in Rojka, Ahmedabad",9f027614-9e09-4c4a-bc1c-35db1637260c,,,,Ahmedabad,Ahmedabad,Id,,addressbox,https://www.addressbox.com/property-search/flats-for-rent-in-rojka-ahmedabad
84036b9c-008d-4635-9d97-40bd3930c51d,"Flats / Apartments for Sale in Makarba, Ahmedabad",9f027614-9e09-4c4a-bc1c-35db1637260c,,,,Ahmedabad,Ahmedabad,Id,,addressbox,https://www.addressbox.com/property-search/flats-for-sale-in-makarba-ahmedabad
f7cc21a5-6a5e-4f5b-a0dd-410e83eed1f7,"Flats / Apartments for Sale in Rancharda, Ahmedabad",9f027614-9e09-4c4a-bc1c-35db1637260c,,,,Ahmedabad,Ahmedabad,Id,,addressbox,https://www.addressbox.com/property-search/flats-for-sale-in-rancharda-gandhinagar
cf14a78c-4dda-4415-852f-a77cb35fd9eb,"Flats / Apartments for Sale in Shivpura, Ahmedabad",9f027614-9e09-4c4a-bc1c-35db1637260c,,,,Ahmedabad,Ahmedabad,Id,,addressbox,https://www.addressbox.com/property-search/flats-for-sale-in-shivpura-ahmedabad
967e965c-a004-4c61-b7dd-ce578487e3bc,"Flats / Apartments for Rent in Amraiwadi, Ahmedabad",9f027614-9e09-4c4a-bc1c-35db1637260c,,,,Ahmedabad,Ahmedabad,Id,,addressbox,https://www.addressbox.com/property-search/flats-for-rent-in-amraiwadi-ahmedabad
fb82e3ea-133d-4f3c-ac7f-345603ff72c3,"Flats / Apartments for Sale in Chhaniar, Ahmedabad",9f027614-9e09-4c4a-bc1c-35db1637260c,,,,Ahmedabad,Ahmedabad,Id,,addressbox,https://www.addressbox.com/property-search/flats-for-sale-in-chhaniar-ahmedabad
e5ec133f-9af7-470a-9cf1-f7ae2533e1af,"Flats / Apartments for Sale in Kolat, Ahmedabad",9f027614-9e09-4c4a-bc1c-35db1637260c,,,,Ahmedabad,Ahmedabad,Id,,addressbox,https://www.addressbox.com/property-search/flats-for-sale-in-kolat-ahmedabad
305bfa35-b881-4f34-be68-f8b2f20d1331,"Flats / Apartments for Rent in Gheekanta Road, Ahmedabad",9f027614-9e09-4c4a-bc1c-35db1637260c,,,,Ahmedabad,Ahmedabad,Id,,addressbox,https://www.addressbox.com/property-search/flats-for-rent-in-gheekanta-road-ahmedabad
250b0e52-370c-41fc-a593-580e1f3d11c4,"Flats / Apartments for Sale in Kasturinagar, Ahmedabad",9f027614-9e09-4c4a-bc1c-35db1637260c,,,,Ahmedabad,Ahmedabad,Id,,addressbox,https://www.addressbox.com/property-search/flats-for-sale-in-kasturinagar-gandhinagar
43dcc38b-769d-444a-b936-125e21c2965d,"Flats / Apartments for Sale in Sarkhej Road, Ahmedabad",9f027614-9e09-4c4a-bc1c-35db1637260c,,,,Ahmedabad,Ahmedabad,Id,,addressbox,https://www.addressbox.com/property-search/flats-for-sale-in-sarkhej-road-ahmedabad
578a7838-839a-4235-8d4d-f12a6933cbca,"Flats / Apartments for Rent in Darpan Society, Ahmedabad",9f027614-9e09-4c4a-bc1c-35db1637260c,,,,Ahmedabad,Ahmedabad,Id,,addressbox,https://www.addressbox.com/property-search/flats-for-rent-in-darpan-society-ahmedabad
6bf5f3f7-cda8-45e0-a339-2249c75e26a9,"Flats / Apartments for Sale in Lavad, Ahmedabad",9f027614-9e09-4c4a-bc1c-35db1637260c,,,,Ahmedabad,Ahmedabad,Id,,addressbox,https://www.addressbox.com/property-search/flats-for-sale-in-lavad-gandhinagar
38380dce-076e-4ff0-a5ec-5e72147d5d10,"Flats / Apartments for Rent in Sardhav, Ahmedabad",9f027614-9e09-4c4a-bc1c-35db1637260c,,,,Ahmedabad,Ahmedabad,Id,,addressbox,https://www.addressbox.com/property-search/flats-for-rent-in-sardhav-gandhinagar
6c0c5d72-639f-4276-b39b-d9aafd873495,"Flats / Apartments for Rent in Sanand, Ahmedabad",9f027614-9e09-4c4a-bc1c-35db1637260c,,,,Ahmedabad,Ahmedabad,Id,,addressbox,https://www.addressbox.com/property-search/flats-for-rent-in-sanand-ahmedabad
40557ef6-9ffc-4738-bffe-9312e5892971,"Flats / Apartments for Sale in Ambawadi, Ahmedabad",9f027614-9e09-4c4a-bc1c-35db1637260c,,,,Ahmedabad,Ahmedabad,Id,,addressbox,https://www.addressbox.com/property-search/flats-for-sale-in-ambawadi-ahmedabad
864506de-ad7b-4c49-acbf-a5c00dc09874,"Flats / Apartments for Sale in Nani Devti, Ahmedabad",9f027614-9e09-4c4a-bc1c-35db1637260c,,,,Ahmedabad,Ahmedabad,Id,,addressbox,https://www.addressbox.com/property-search/flats-for-sale-in-nani-devti-ahmedabad
42d6d3a8-2f78-4681-a7b6-5bc7ed0785f7,"Flats / Apartments for Sale in Sector 19, Ahmedabad",9f027614-9e09-4c4a-bc1c-35db1637260c,,,,Ahmedabad,Ahmedabad,Id,,addressbox,https://www.addressbox.com/property-search/flats-for-sale-in-sector-19-gandhinagar
c4233c9b-fa0f-474e-85d8-db0d04a21e9a,"Flats / Apartments for Sale in Palaj, Ahmedabad",9f027614-9e09-4c4a-bc1c-35db1637260c,,,,Ahmedabad,Ahmedabad,Id,,addressbox,https://www.addressbox.com/property-search/flats-for-sale-in-palaj-gandhinagar
c23c9588-11cb-4ebc-836c-0818c6086003,"Flats / Apartments for Rent in Bhoyan Moti, Ahmedabad",9f027614-9e09-4c4a-bc1c-35db1637260c,,,,Ahmedabad,Ahmedabad,Id,,addressbox,https://www.addressbox.com/property-search/flats-for-rent-in-bhoyan-moti-gandhinagar
0a2aafdd-9c3e-4a34-9b7d-30a40163f376,"Flats / Apartments for Sale in Bhatta, Ahmedabad",9f027614-9e09-4c4a-bc1c-35db1637260c,,,,Ahmedabad,Ahmedabad,Id,,addressbox,https://www.addressbox.com/property-search/flats-for-sale-in-bhatta-ahmedabad
fbf7c26a-a7ec-454c-b9e2-8255a5a26393,"Flats for Sale in Shantigram, Ahmedabad",9f027614-9e09-4c4a-bc1c-35db1637260c,,,,Ahmedabad,Ahmedabad,Id,,addressbox,https://www.addressbox.com/property-search/flats-for-sale-in-shantigram-ahmedabad
52e465c1-e29e-4374-837a-7ed232f28e9f,"Flats / Apartments for Sale in Pdpu Road, Gandhinagar",9f027614-9e09-4c4a-bc1c-35db1637260c,,,,Ahmedabad,Ahmedabad,Id,,addressbox,https://www.addressbox.com/property-search/flats-for-sale-in-pdpu-road-gandhinagar
d3ca3552-59c4-487c-91bb-62245c786c44,"Flats / Apartments for Sale in Kheda Mahemdavad Road, Ahmedabad",9f027614-9e09-4c4a-bc1c-35db1637260c,,,,Ahmedabad,Ahmedabad,Id,,addressbox,https://www.addressbox.com/property-search/flats-for-sale-in-kheda-mahemdavad-road-ahmedabad
0edb5eb9-db02-45d1-adef-103e246191d9,"Flats / Apartments for Rent in Ambod, Ahmedabad",9f027614-9e09-4c4a-bc1c-35db1637260c,,,,Ahmedabad,Ahmedabad,Id,,addressbox,https://www.addressbox.com/property-search/flats-for-rent-in-ambod-gandhinagar
fbe17acb-4783-4e0a-9b2e-143d4218ff87,"Flats / Apartments for Rent in Mansa, Ahmedabad",9f027614-9e09-4c4a-bc1c-35db1637260c,,,,Ahmedabad,Ahmedabad,Id,,addressbox,https://www.addressbox.com/property-search/flats-for-rent-in-mansa-gandhinagar
37cf5eab-5012-455b-9399-f1735fdf6fc8,"Flats / Apartments for Sale in Naranpura Vistar, Ahmedabad",9f027614-9e09-4c4a-bc1c-35db1637260c,,,,Ahmedabad,Ahmedabad,Id,,addressbox,https://www.addressbox.com/property-search/flats-for-sale-in-naranpura-vistar-ahmedabad
e056947f-31b3-48ba-b048-72e323a4e271,"Flats / Apartments for Rent in Transad, Ahmedabad",9f027614-9e09-4c4a-bc1c-35db1637260c,,,,Ahmedabad,Ahmedabad,Id,,addressbox,https://www.addressbox.com/property-search/flats-for-rent-in-transad-ahmedabad
0229ae45-c12a-4827-8c0c-44975ff67629,"Flats / Apartments for Sale in Bhudarpura, Ahmedabad",9f027614-9e09-4c4a-bc1c-35db1637260c,,,,Ahmedabad,Ahmedabad,Id,,addressbox,https://www.addressbox.com/property-search/flats-for-sale-in-bhudarpura-ahmedabad
0aca2cf8-7656-4ed6-bc56-10f19d3981cd,"Flats for Sale in New Ranip, Ahmedabad",9f027614-9e09-4c4a-bc1c-35db1637260c,,,,Ahmedabad,Ahmedabad,Id,,addressbox,https://www.addressbox.com/property-search/flats-for-sale-in-new-ranip-ahmedabad
56b54a0a-cd46-4564-b30e-c89a08d2b1f2,"Flats / Apartments for Sale in Bhaijipura, Ahmedabad",9f027614-9e09-4c4a-bc1c-35db1637260c,,,,Ahmedabad,Ahmedabad,Id,,addressbox,https://www.addressbox.com/property-search/flats-for-sale-in-bhaijipura-gandhinagar
0eccc99f-f6d9-4da6-9baf-b7f36748761d,"Flats / Apartments for Rent in Nalsarovar, Ahmedabad",9f027614-9e09-4c4a-bc1c-35db1637260c,,,,Ahmedabad,Ahmedabad,Id,,addressbox,https://www.addressbox.com/property-search/flats-for-rent-in-nalsarovar-ahmedabad
33a089b9-8029-4472-bf6c-a14535b0b88e,"Flats / Apartments for Rent in Pundrasan, Ahmedabad",9f027614-9e09-4c4a-bc1c-35db1637260c,,,,Ahmedabad,Ahmedabad,Id,,addressbox,https://www.addressbox.com/property-search/flats-for-rent-in-pundrasan-gandhinagar
e03ae130-749a-47f8-beb7-cc65c4038d7e,"Flats / Apartments for Sale in Nandol, Ahmedabad",9f027614-9e09-4c4a-bc1c-35db1637260c,,,,Ahmedabad,Ahmedabad,Id,,addressbox,https://www.addressbox.com/property-search/flats-for-sale-in-nandol-gandhinagar
85752cd4-d89f-4151-9da2-d110c7ae4aa6,"Flats / Apartments for Rent in New Sachivalaya Complex, Ahmedabad",9f027614-9e09-4c4a-bc1c-35db1637260c,,,,Ahmedabad,Ahmedabad,Id,,addressbox,https://www.addressbox.com/property-search/flats-for-rent-in-new-sachivalaya-complex-gandhinagar
c66248ab-804f-477f-b3e9-4277316a2af2,"Flats / Apartments for Sale in Rojid, Ahmedabad",9f027614-9e09-4c4a-bc1c-35db1637260c,,,,Ahmedabad,Ahmedabad,Id,,addressbox,https://www.addressbox.com/property-search/flats-for-sale-in-rojid-ahmedabad
ea5a7db6-a4ff-48ef-a0f4-a8d9e7d58363,"Flats / Apartments for Sale in Sector 7, Ahmedabad",9f027614-9e09-4c4a-bc1c-35db1637260c,,,,Ahmedabad,Ahmedabad,Id,,addressbox,https://www.addressbox.com/property-search/flats-for-sale-in-sector-7-gandhinagar
7fc2bfb0-148a-45d6-91be-7aa8816d8d91,"Flats / Apartments for Sale in Mansa Road, Ahmedabad",9f027614-9e09-4c4a-bc1c-35db1637260c,,,,Ahmedabad,Ahmedabad,Id,,addressbox,https://www.addressbox.com/property-search/flats-for-sale-in-mansa-road-gandhinagar
c42e0a15-93c4-41ed-b149-7b1623753635,"Flats / Apartments for Sale in Vasana Hadmatiya, Ahmedabad",9f027614-9e09-4c4a-bc1c-35db1637260c,,,,Ahmedabad,Ahmedabad,Id,,addressbox,https://www.addressbox.com/property-search/flats-for-sale-in-vasana-hadmatiya-gandhinagar
cee4bba3-6c40-4c32-a151-e4c42fc03e1f,"Flats / Apartments for Rent in Bareja, Ahmedabad",9f027614-9e09-4c4a-bc1c-35db1637260c,,,,Ahmedabad,Ahmedabad,Id,,addressbox,https://www.addressbox.com/property-search/flats-for-rent-in-bareja-ahmedabad
64cd0d8d-9b50-4eb8-9dc2-2e387d07aceb,"Flats / Apartments for Rent in Vani, Ahmedabad",9f027614-9e09-4c4a-bc1c-35db1637260c,,,,Ahmedabad,Ahmedabad,Id,,addressbox,https://www.addressbox.com/property-search/flats-for-rent-in-vani-ahmedabad
a52d8fe1-f795-4e88-bf22-884a65d2550e,"Flats / Apartments for Sale in Jalia No Math, Ahmedabad",9f027614-9e09-4c4a-bc1c-35db1637260c,,,,Ahmedabad,Ahmedabad,Id,,addressbox,https://www.addressbox.com/property-search/flats-for-sale-in-jalia-no-math-gandhinagar
e2bcd8aa-5841-4ecc-b73e-c9985d9fadd8,"Flats / Apartments for Sale in Shiyawada, Ahmedabad",9f027614-9e09-4c4a-bc1c-35db1637260c,,,,Ahmedabad,Ahmedabad,Id,,addressbox,https://www.addressbox.com/property-search/flats-for-sale-in-shiyawada-ahmedabad
27a5c9bb-2339-4800-b213-0ca46241c9af,"Flats / Apartments for Rent in Chaulaj, Ahmedabad",9f027614-9e09-4c4a-bc1c-35db1637260c,,,,Ahmedabad,Ahmedabad,Id,,addressbox,https://www.addressbox.com/property-search/flats-for-rent-in-chaulaj-ahmedabad
a541b8c0-9d42-4a82-b1b0-4a78e99eb5b7,"Flats / Apartments for Sale in Pratapnagar, Ahmedabad",9f027614-9e09-4c4a-bc1c-35db1637260c,,,,Ahmedabad,Ahmedabad,Id,,addressbox,https://www.addressbox.com/property-search/flats-for-sale-in-pratapnagar-gandhinagar
ac433931-cc2d-4d50-91c9-7e244a51518c,"Flats / Apartments for Sale in Dhanala, Ahmedabad",9f027614-9e09-4c4a-bc1c-35db1637260c,,,,Ahmedabad,Ahmedabad,Id,,addressbox,https://www.addressbox.com/property-search/flats-for-sale-in-dhanala-ahmedabad
40c7922c-4b22-47c2-a46f-9bafa86e58be,"Flats / Apartments for Rent in Dudheshwar Tavdipura, Ahmedabad",9f027614-9e09-4c4a-bc1c-35db1637260c,,,,Ahmedabad,Ahmedabad,Id,,addressbox,https://www.addressbox.com/property-search/flats-for-rent-in-dudheshwar-tavdipura-ahmedabad
cdb42c6d-30e2-4cf7-921b-2ff3f9caa103,"Flats / Apartments for Rent in Sector 28, Ahmedabad",9f027614-9e09-4c4a-bc1c-35db1637260c,,,,Ahmedabad,Ahmedabad,Id,,addressbox,https://www.addressbox.com/property-search/flats-for-rent-in-sector-28-gandhinagar
0df537a3-506a-44e1-91d7-d8539fefa117,"Flats / Apartments for Sale in Baldana, Ahmedabad",9f027614-9e09-4c4a-bc1c-35db1637260c,,,,Ahmedabad,Ahmedabad,Id,,addressbox,https://www.addressbox.com/property-search/flats-for-sale-in-baldana-ahmedabad
af9568ca-1763-445c-b6e2-316a55fb0677,"Flats / Apartments for Sale in Bavla Market Yard, Ahmedabad",9f027614-9e09-4c4a-bc1c-35db1637260c,,,,Ahmedabad,Ahmedabad,Id,,addressbox,https://www.addressbox.com/property-search/flats-for-sale-in-bavla-market-yard-ahmedabad
d9c875e2-eb04-473f-b9ae-54a0b6db7e36,"Flats / Apartments for Rent in Sector 13, Ahmedabad",9f027614-9e09-4c4a-bc1c-35db1637260c,,,,Ahmedabad,Ahmedabad,Id,,addressbox,https://www.addressbox.com/property-search/flats-for-rent-in-sector-13-gandhinagar
9d4b382f-6a01-40af-8c90-a09efd5c37f0,"Flats / Apartments for Rent in Hajipur, Ahmedabad",9f027614-9e09-4c4a-bc1c-35db1637260c,,,,Ahmedabad,Ahmedabad,Id,,addressbox,https://www.addressbox.com/property-search/flats-for-rent-in-hajipur-gandhinagar
3f6eb329-d507-4d46-8103-45a5ca06de22,"Flats / Apartments for Rent in Kathwada Maize Product, Ahmedabad",9f027614-9e09-4c4a-bc1c-35db1637260c,,,,Ahmedabad,Ahmedabad,Id,,addressbox,https://www.addressbox.com/property-search/flats-for-rent-in-kathwada-maize-product-ahmedabad
622dcb39-8778-419d-a7b0-b290d6b8e904,"Flats / Apartments for Sale in Kalana, Ahmedabad",9f027614-9e09-4c4a-bc1c-35db1637260c,,,,Ahmedabad,Ahmedabad,Id,,addressbox,https://www.addressbox.com/property-search/flats-for-sale-in-kalana-ahmedabad
8aacfea0-1161-45fe-b4c2-9b158b977b46,"Flats / Apartments for Sale in Mota Chiloda, Ahmedabad",9f027614-9e09-4c4a-bc1c-35db1637260c,,,,Ahmedabad,Ahmedabad,Id,,addressbox,https://www.addressbox.com/property-search/flats-for-sale-in-mota-chiloda-gandhinagar
f50475c4-e286-4e19-b13c-c4869f8f4e4f,"Flats / Apartments for Sale in Fatepura, Ahmedabad",9f027614-9e09-4c4a-bc1c-35db1637260c,,,,Ahmedabad,Ahmedabad,Id,,addressbox,https://www.addressbox.com/property-search/flats-for-sale-in-fatepura-gandhinagar
917cd0bc-74db-4311-9844-e94f960b8527,"Flats / Apartments for Sale in Panar, Ahmedabad",9f027614-9e09-4c4a-bc1c-35db1637260c,,,,Ahmedabad,Ahmedabad,Id,,addressbox,https://www.addressbox.com/property-search/flats-for-sale-in-panar-ahmedabad
d912fc97-cecc-46aa-b116-f4e452e9b7cd,"Flats / Apartments for Rent in Shahibag, Ahmedabad",9f027614-9e09-4c4a-bc1c-35db1637260c,,,,Ahmedabad,Ahmedabad,Id,,addressbox,https://www.addressbox.com/property-search/flats-for-rent-in-shahibag-ahmedabad
8989460c-9af8-48f9-b2f4-358c1865256d,"Flats / Apartments for Sale in Singrava, Ahmedabad",9f027614-9e09-4c4a-bc1c-35db1637260c,,,,Ahmedabad,Ahmedabad,Id,,addressbox,https://www.addressbox.com/property-search/flats-for-sale-in-singrava-ahmedabad
24ef5a50-978d-4047-aab2-ac4e2de14747,"Flats / Apartments for Rent in Bhadana, Ahmedabad",9f027614-9e09-4c4a-bc1c-35db1637260c,,,,Ahmedabad,Ahmedabad,Id,,addressbox,https://www.addressbox.com/property-search/flats-for-rent-in-bhadana-ahmedabad
4301c5ef-0257-422f-a0b3-a199fbfdc999,"Flats / Apartments for Rent in Sari, Ahmedabad",9f027614-9e09-4c4a-bc1c-35db1637260c,,,,Ahmedabad,Ahmedabad,Id,,addressbox,https://www.addressbox.com/property-search/flats-for-rent-in-sari-ahmedabad
2cf3b903-7e14-4a24-a32b-7a578f330f32,"Flats / Apartments for Rent in Sector 30, Ahmedabad",9f027614-9e09-4c4a-bc1c-35db1637260c,,,,Ahmedabad,Ahmedabad,Id,,addressbox,https://www.addressbox.com/property-search/flats-for-rent-in-sector-30-gandhinagar
8742d449-0c04-4672-9a38-8eeccad37635,"Flats / Apartments for Rent in Akru, Ahmedabad",9f027614-9e09-4c4a-bc1c-35db1637260c,,,,Ahmedabad,Ahmedabad,Id,,addressbox,https://www.addressbox.com/property-search/flats-for-rent-in-akru-ahmedabad
99ae704d-8f2d-4f71-b756-0554c21775b2,"Flats / Apartments for Rent in Saijpur Bogha, Ahmedabad",9f027614-9e09-4c4a-bc1c-35db1637260c,,,,Ahmedabad,Ahmedabad,Id,,addressbox,https://www.addressbox.com/property-search/flats-for-rent-in-saijpur-bogha-ahmedabad
b68bb86e-bf42-47e7-894a-762b16a20d82,"Flats / Apartments for Rent in Sg Highway, Ahmedabad",9f027614-9e09-4c4a-bc1c-35db1637260c,,,,Ahmedabad,Ahmedabad,Id,,addressbox,https://www.addressbox.com/property-search/flats-for-rent-in-sg-highway-ahmedabad
c920b972-90db-4aba-b8e7-28225a30c9d2,"Flats / Apartments for Rent in Sankod, Ahmedabad",9f027614-9e09-4c4a-bc1c-35db1637260c,,,,Ahmedabad,Ahmedabad,Id,,addressbox,https://www.addressbox.com/property-search/flats-for-rent-in-sankod-ahmedabad
73d428bc-e5c9-44fa-a884-0e9c421e4368,"Flats / Apartments for Rent in Ashoknagar, Ahmedabad",9f027614-9e09-4c4a-bc1c-35db1637260c,,,,Ahmedabad,Ahmedabad,Id,,addressbox,https://www.addressbox.com/property-search/flats-for-rent-in-ashoknagar-ahmedabad
a8e595b7-a091-41a0-a532-2bfd045922da,"Flats / Apartments for Rent in Railway Colony, Ahmedabad",9f027614-9e09-4c4a-bc1c-35db1637260c,,,,Ahmedabad,Ahmedabad,Id,,addressbox,https://www.addressbox.com/property-search/flats-for-rent-in-railway-colony-ahmedabad
dca22a1e-f002-48eb-bf37-ab9211904be0,"Flats / Apartments for Rent in Vadvasa, Ahmedabad",9f027614-9e09-4c4a-bc1c-35db1637260c,,,,Ahmedabad,Ahmedabad,Id,,addressbox,https://www.addressbox.com/property-search/flats-for-rent-in-vadvasa-gandhinagar
135a706f-0774-4621-8394-70ac81ba78b1,"Flats / Apartments for Sale in L G Hospital, Ahmedabad",9f027614-9e09-4c4a-bc1c-35db1637260c,,,,Ahmedabad,Ahmedabad,Id,,addressbox,https://www.addressbox.com/property-search/flats-for-sale-in-l-g-hospital-ahmedabad
bdf7f502-fafa-43a8-a5d7-591dac063496,"Flats / Apartments for Sale in Sabarmati, Ahmedabad",9f027614-9e09-4c4a-bc1c-35db1637260c,,,,Ahmedabad,Ahmedabad,Id,,addressbox,https://www.addressbox.com/property-search/flats-for-sale-in-sabarmati-ahmedabad
e7c32bc7-03d0-438f-b9bd-4ecf8d2bc64f,"Flats / Apartments for Rent in Chhala, Ahmedabad",9f027614-9e09-4c4a-bc1c-35db1637260c,,,,Ahmedabad,Ahmedabad,Id,,addressbox,https://www.addressbox.com/property-search/flats-for-rent-in-chhala-gandhinagar
423ce79f-88c3-4d58-bff0-ba59fb45c178,"Flats / Apartments for Sale in Muktipur, Ahmedabad",9f027614-9e09-4c4a-bc1c-35db1637260c,,,,Ahmedabad,Ahmedabad,Id,,addressbox,https://www.addressbox.com/property-search/flats-for-sale-in-muktipur-ahmedabad
da788c17-cdcd-4ed2-9438-cbe0bef57e8b,"Flats / Apartments for Rent in Nesda, Ahmedabad",9f027614-9e09-4c4a-bc1c-35db1637260c,,,,Ahmedabad,Ahmedabad,Id,,addressbox,https://www.addressbox.com/property-search/flats-for-rent-in-nesda-ahmedabad
260fb60d-581d-49af-80c1-84947e1cd482,"Flats / Apartments for Sale in Sandhida, Ahmedabad",9f027614-9e09-4c4a-bc1c-35db1637260c,,,,Ahmedabad,Ahmedabad,Id,,addressbox,https://www.addressbox.com/property-search/flats-for-sale-in-sandhida-ahmedabad
2c1b8a39-4d27-4ca4-901a-eb26aaf5969d,"Flats / Apartments for Sale in Veda, Ahmedabad",9f027614-9e09-4c4a-bc1c-35db1637260c,,,,Ahmedabad,Ahmedabad,Id,,addressbox,https://www.addressbox.com/property-search/flats-for-sale-in-veda-gandhinagar
f14cd462-859c-46c6-9b69-6321b014eb98,"Flats / Apartments for Sale in Vatva, Ahmedabad",9f027614-9e09-4c4a-bc1c-35db1637260c,,,,Ahmedabad,Ahmedabad,Id,,addressbox,https://www.addressbox.com/property-search/flats-for-sale-in-vatva-ahmedabad
aad8d2ce-209f-4943-879d-82956807905e,"Flats / Apartments for Sale in Ambareli, Ahmedabad",9f027614-9e09-4c4a-bc1c-35db1637260c,,,,Ahmedabad,Ahmedabad,Id,,addressbox,https://www.addressbox.com/property-search/flats-for-sale-in-ambareli-ahmedabad
635db1fe-5500-4007-854c-f5c1e7b8a89a,"Flats / Apartments for Rent in Nana Ubhada, Ahmedabad",9f027614-9e09-4c4a-bc1c-35db1637260c,,,,Ahmedabad,Ahmedabad,Id,,addressbox,https://www.addressbox.com/property-search/flats-for-rent-in-nana-ubhada-ahmedabad
1ffa5fb0-f4bf-4b8b-b984-65ba734b1003,"Flats / Apartments for Rent in Nadishala, Ahmedabad",9f027614-9e09-4c4a-bc1c-35db1637260c,,,,Ahmedabad,Ahmedabad,Id,,addressbox,https://www.addressbox.com/property-search/flats-for-rent-in-nadishala-ahmedabad
cdfa743b-3557-4312-bea5-d5f75d4077ab,"Flats / Apartments for Sale in Sanavad, Ahmedabad",9f027614-9e09-4c4a-bc1c-35db1637260c,,,,Ahmedabad,Ahmedabad,Id,,addressbox,https://www.addressbox.com/property-search/flats-for-sale-in-sanavad-ahmedabad
86b580c1-b7f3-4f60-ac3b-95f45cdff547,"Flats / Apartments for Sale in Krishnanagar, Ahmedabad",9f027614-9e09-4c4a-bc1c-35db1637260c,,,,Ahmedabad,Ahmedabad,Id,,addressbox,https://www.addressbox.com/property-search/flats-for-sale-in-krishnanagar-ahmedabad
52a854c7-4796-4948-adaa-0a61d0a7835f,"Flats / Apartments for Rent in Khamidana, Ahmedabad",9f027614-9e09-4c4a-bc1c-35db1637260c,,,,Ahmedabad,Ahmedabad,Id,,addressbox,https://www.addressbox.com/property-search/flats-for-rent-in-khamidana-ahmedabad
e922b0b6-899f-4f48-bd2b-8dc136ca0c4c,"Flats / Apartments for Sale in Sector 26, Ahmedabad",9f027614-9e09-4c4a-bc1c-35db1637260c,,,,Ahmedabad,Ahmedabad,Id,,addressbox,https://www.addressbox.com/property-search/flats-for-sale-in-sector-26-gandhinagar
9ea53b8e-3236-4317-b1da-f4f836ada304,"Flats / Apartments for Sale in Kalupur, Ahmedabad",9f027614-9e09-4c4a-bc1c-35db1637260c,,,,Ahmedabad,Ahmedabad,Id,,addressbox,https://www.addressbox.com/property-search/flats-for-sale-in-kalupur-ahmedabad
df8693f0-f529-4389-92ba-e9850cf7463d,"Flats / Apartments for Sale in Shahibag, Ahmedabad",9f027614-9e09-4c4a-bc1c-35db1637260c,,,,Ahmedabad,Ahmedabad,Id,,addressbox,https://www.addressbox.com/property-search/flats-for-sale-in-shahibag-ahmedabad
1a67f542-d613-407e-a5bb-68405f9dad5c,"Flats / Apartments for Rent in Giramtha, Ahmedabad",9f027614-9e09-4c4a-bc1c-35db1637260c,,,,Ahmedabad,Ahmedabad,Id,,addressbox,https://www.addressbox.com/property-search/flats-for-rent-in-giramtha-ahmedabad
b1655b10-9e78-4a4d-813d-119c0fa00804,"Flats / Apartments for Sale in Sindharej, Ahmedabad",9f027614-9e09-4c4a-bc1c-35db1637260c,,,,Ahmedabad,Ahmedabad,Id,,addressbox,https://www.addressbox.com/property-search/flats-for-sale-in-sindharej-ahmedabad
94833785-d18b-4b5f-8376-618f74a10d5a,"Flats / Apartments for Rent in Sp Ring Road, Ahmedabad",9f027614-9e09-4c4a-bc1c-35db1637260c,,,,Ahmedabad,Ahmedabad,Id,,addressbox,https://www.addressbox.com/property-search/flats-for-rent-in-sp-ring-road-ahmedabad
e5af172f-7d7c-4e97-a1a7-2e64de212bb8,"Flats / Apartments for Sale in Bsf, Ahmedabad",9f027614-9e09-4c4a-bc1c-35db1637260c,,,,Ahmedabad,Ahmedabad,Id,,addressbox,https://www.addressbox.com/property-search/flats-for-sale-in-bsf-gandhinagar
cb4c2ce2-fe97-4d97-8889-07744c4cfd15,"Flats / Apartments for Sale in Sahij, Ahmedabad",9f027614-9e09-4c4a-bc1c-35db1637260c,,,,Ahmedabad,Ahmedabad,Id,,addressbox,https://www.addressbox.com/property-search/flats-for-sale-in-sahij-ahmedabad
09d2a513-2f6a-48be-9908-5747369373da,"Flats / Apartments for Sale in Dholka, Ahmedabad",9f027614-9e09-4c4a-bc1c-35db1637260c,,,,Ahmedabad,Ahmedabad,Id,,addressbox,https://www.addressbox.com/property-search/flats-for-sale-in-dholka-ahmedabad
15d13b4c-9810-4cf9-9803-9002ab64cbc9,"Flats / Apartments for Rent in Bakrol, Ahmedabad",9f027614-9e09-4c4a-bc1c-35db1637260c,,,,Ahmedabad,Ahmedabad,Id,,addressbox,https://www.addressbox.com/property-search/flats-for-rent-in-bakrol-ahmedabad
76a86b83-4d9e-4697-8c8d-5ba543424909,"Flats / Apartments for Sale in Shah Alam Roza, Ahmedabad",9f027614-9e09-4c4a-bc1c-35db1637260c,,,,Ahmedabad,Ahmedabad,Id,,addressbox,https://www.addressbox.com/property-search/flats-for-sale-in-shah-alam-roza-ahmedabad
7200a9cc-8c18-4160-bb47-5e19395c2f14,"Flats / Apartments for Sale in Amrajina Muvada, Ahmedabad",9f027614-9e09-4c4a-bc1c-35db1637260c,,,,Ahmedabad,Ahmedabad,Id,,addressbox,https://www.addressbox.com/property-search/flats-for-sale-in-amrajina-muvada-gandhinagar
e0fa2ccf-b961-41d6-9401-c38503f9b111,"Flats / Apartments for Rent in Mumatpura, Ahmedabad",9f027614-9e09-4c4a-bc1c-35db1637260c,,,,Ahmedabad,Ahmedabad,Id,,addressbox,https://www.addressbox.com/property-search/flats-for-rent-in-mumatpura-ahmedabad
6ebd305a-4af6-4a23-a527-f222e0dedceb,"Flats / Apartments for Sale in Iim, Ahmedabad",9f027614-9e09-4c4a-bc1c-35db1637260c,,,,Ahmedabad,Ahmedabad,Id,,addressbox,https://www.addressbox.com/property-search/flats-for-sale-in-iim-ahmedabad
15941ee5-3465-4c59-b20f-bf9b4944950e,"Flats / Apartments for Sale in Vishala, Ahmedabad",9f027614-9e09-4c4a-bc1c-35db1637260c,,,,Ahmedabad,Ahmedabad,Id,,addressbox,https://www.addressbox.com/property-search/flats-for-sale-in-vishala-ahmedabad
ac321046-647f-44ab-8473-c64cb0c14d27,"Flats / Apartments for Rent in Randheja, Ahmedabad",9f027614-9e09-4c4a-bc1c-35db1637260c,,,,Ahmedabad,Ahmedabad,Id,,addressbox,https://www.addressbox.com/property-search/flats-for-rent-in-randheja-gandhinagar
7a74d59e-f1ac-4222-a9e5-d8597f322b94,"Flats / Apartments for Rent in Zinzar, Ahmedabad",9f027614-9e09-4c4a-bc1c-35db1637260c,,,,Ahmedabad,Ahmedabad,Id,,addressbox,https://www.addressbox.com/property-search/flats-for-rent-in-zinzar-ahmedabad
2c923afc-d479-4d8f-b542-daa3655c59bd,"Flats / Apartments for Sale in Narol, Ahmedabad",9f027614-9e09-4c4a-bc1c-35db1637260c,,,,Ahmedabad,Ahmedabad,Id,,addressbox,https://www.addressbox.com/property-search/flats-for-sale-in-narol-ahmedabad
fdf995b3-faa9-481b-97b4-d2ad98f4acd2,"Flats / Apartments for Sale in Vasna Chacharvadi, Ahmedabad",9f027614-9e09-4c4a-bc1c-35db1637260c,,,,Ahmedabad,Ahmedabad,Id,,addressbox,https://www.addressbox.com/property-search/flats-for-sale-in-vasna-chacharvadi-ahmedabad
daf726ea-fd9e-4783-a546-4025c44c9cd6,"Flats / Apartments for Rent in Dabhsar, Ahmedabad",9f027614-9e09-4c4a-bc1c-35db1637260c,,,,Ahmedabad,Ahmedabad,Id,,addressbox,https://www.addressbox.com/property-search/flats-for-rent-in-dabhsar-ahmedabad
85cb54be-0d6e-4286-bc63-bd7cacda21be,"Flats / Apartments for Rent in Miroli, Ahmedabad",9f027614-9e09-4c4a-bc1c-35db1637260c,,,,Ahmedabad,Ahmedabad,Id,,addressbox,https://www.addressbox.com/property-search/flats-for-rent-in-miroli-ahmedabad
794bf63b-c975-47b7-bea4-71c7d2d433c3,"Flats / Apartments for Rent in Melaj, Ahmedabad",9f027614-9e09-4c4a-bc1c-35db1637260c,,,,Ahmedabad,Ahmedabad,Id,,addressbox,https://www.addressbox.com/property-search/flats-for-rent-in-melaj-ahmedabad
0e47f09a-3d31-4872-be06-6fcd99c1ee41,"Flats / Apartments for Rent in Nedharad, Ahmedabad",9f027614-9e09-4c4a-bc1c-35db1637260c,,,,Ahmedabad,Ahmedabad,Id,,addressbox,https://www.addressbox.com/property-search/flats-for-rent-in-nedharad-ahmedabad
d8e38707-1808-4d3d-ab0c-e4267a58d962,"Flats / Apartments for Rent in Amja, Ahmedabad",9f027614-9e09-4c4a-bc1c-35db1637260c,,,,Ahmedabad,Ahmedabad,Id,,addressbox,https://www.addressbox.com/property-search/flats-for-rent-in-amja-gandhinagar
53cc2c2d-d359-497a-be81-578fa9f87162,"Flats / Apartments for Sale in Vasna Iyava, Ahmedabad",9f027614-9e09-4c4a-bc1c-35db1637260c,,,,Ahmedabad,Ahmedabad,Id,,addressbox,https://www.addressbox.com/property-search/flats-for-sale-in-vasna-iyava-ahmedabad
c124908a-6434-4fbf-abe8-1f466080577d,"Flats / Apartments for Sale in Asarwa, Ahmedabad",9f027614-9e09-4c4a-bc1c-35db1637260c,,,,Ahmedabad,Ahmedabad,Id,,addressbox,https://www.addressbox.com/property-search/flats-for-sale-in-asarwa-ahmedabad
34cdc55c-e3b1-4d80-940f-589bfc9da8a4,"Flats / Apartments for Sale in Ghamij, Ahmedabad",9f027614-9e09-4c4a-bc1c-35db1637260c,,,,Ahmedabad,Ahmedabad,Id,,addressbox,https://www.addressbox.com/property-search/flats-for-sale-in-ghamij-gandhinagar
77684f56-952e-4b3d-b9eb-3834fa580c58,"Flats / Apartments for Sale in Rakhial, Ahmedabad",9f027614-9e09-4c4a-bc1c-35db1637260c,,,,Ahmedabad,Ahmedabad,Id,,addressbox,https://www.addressbox.com/property-search/flats-for-sale-in-rakhial-gandhinagar
5b7034fd-0d53-426a-9e51-439377def6d1,"Flats / Apartments for Sale in Junapadhar, Ahmedabad",9f027614-9e09-4c4a-bc1c-35db1637260c,,,,Ahmedabad,Ahmedabad,Id,,addressbox,https://www.addressbox.com/property-search/flats-for-sale-in-junapadhar-ahmedabad
ab96b6ec-1893-4c74-bf01-fc3371776c16,"Flats / Apartments for Rent in Manekpura, Ahmedabad",9f027614-9e09-4c4a-bc1c-35db1637260c,,,,Ahmedabad,Ahmedabad,Id,,addressbox,https://www.addressbox.com/property-search/flats-for-rent-in-manekpura-gandhinagar
81956134-285b-4df8-afae-67d3aada46af,"Flats / Apartments for Sale in Loliya, Ahmedabad",9f027614-9e09-4c4a-bc1c-35db1637260c,,,,Ahmedabad,Ahmedabad,Id,,addressbox,https://www.addressbox.com/property-search/flats-for-sale-in-loliya-ahmedabad
16386725-8be0-4dd4-9c7e-6d513b1695e5,"Flats / Apartments for Sale in Ghatlodia, Ahmedabad",9f027614-9e09-4c4a-bc1c-35db1637260c,,,,Ahmedabad,Ahmedabad,Id,,addressbox,https://www.addressbox.com/property-search/flats-for-sale-in-ghatlodia-ahmedabad
73564b8a-444a-4703-9f38-fb8cd3dd9901,"Flats / Apartments for Sale in Lodra, Ahmedabad",9f027614-9e09-4c4a-bc1c-35db1637260c,,,,Ahmedabad,Ahmedabad,Id,,addressbox,https://www.addressbox.com/property-search/flats-for-sale-in-lodra-gandhinagar
d56f8928-ab98-4592-9b1f-09dc4656aacb,"Flats / Apartments for Rent in Sadatpura, Ahmedabad",9f027614-9e09-4c4a-bc1c-35db1637260c,,,,Ahmedabad,Ahmedabad,Id,,addressbox,https://www.addressbox.com/property-search/flats-for-rent-in-sadatpura-ahmedabad
e6ce1c5b-2397-49d8-9bdb-1d589280eab6,"Flats / Apartments for Sale in Vadod, Ahmedabad",9f027614-9e09-4c4a-bc1c-35db1637260c,,,,Ahmedabad,Ahmedabad,Id,,addressbox,https://www.addressbox.com/property-search/flats-for-sale-in-vadod-ahmedabad
b79bb8be-8016-4ebe-a993-502e5ab90cba,"Flats / Apartments for Sale in Kotha, Ahmedabad",9f027614-9e09-4c4a-bc1c-35db1637260c,,,,Ahmedabad,Ahmedabad,Id,,addressbox,https://www.addressbox.com/property-search/flats-for-sale-in-kotha-gandhinagar
6d51c154-7da2-4337-9ef1-f0f1a913c53d,"Flats / Apartments for Sale in Sg Highway, Ahmedabad",9f027614-9e09-4c4a-bc1c-35db1637260c,,,,Ahmedabad,Ahmedabad,Id,,addressbox,https://www.addressbox.com/property-search/flats-for-sale-in-sg-highway-ahmedabad
d3d6a779-19d2-47e9-aba1-36433f61f025,"Flats / Apartments for Rent in Padana, Ahmedabad",9f027614-9e09-4c4a-bc1c-35db1637260c,,,,Ahmedabad,Ahmedabad,Id,,addressbox,https://www.addressbox.com/property-search/flats-for-rent-in-padana-ahmedabad
291d4a39-9534-45aa-9c84-7c929b9f9cce,"Flats / Apartments for Sale in Thaltej Road, Ahmedabad",9f027614-9e09-4c4a-bc1c-35db1637260c,,,,Ahmedabad,Ahmedabad,Id,,addressbox,https://www.addressbox.com/property-search/flats-for-sale-in-thaltej-road-ahmedabad
d6983af4-ec23-4a8d-9f25-cdf4b175d0b2,"Flats / Apartments for Sale in Shiholi Moti, Ahmedabad",9f027614-9e09-4c4a-bc1c-35db1637260c,,,,Ahmedabad,Ahmedabad,Id,,addressbox,https://www.addressbox.com/property-search/flats-for-sale-in-shiholi-moti-gandhinagar
